time,temperature,humidity,pressure,current,voltage
2023-04-23 23:29:23.114906,17.247619047619043,54.50095238095238,99514.83380952381,65401.449999999975,18501.12
2023-04-23 23:30:12.671174,17.24809523809524,54.48285714285715,99515.11952380951,65401.449999999975,18501.12
2023-04-23 23:31:01.222743,17.26380952380952,54.463333333333345,99515.79476190476,65401.449999999975,18501.12
2023-04-23 23:31:49.774030,17.262857142857136,54.44619047619048,99516.8314285714,65401.449999999975,18501.12
2023-04-23 23:32:38.325533,17.25857142857143,54.43333333333333,99516.98333333332,65401.449999999975,18501.12
2023-04-23 23:33:26.876830,17.240952380952383,54.4504761904762,99518.46571428573,65401.449999999975,18501.12
2023-04-23 23:34:15.428375,17.226190476190474,54.48,99517.52476190476,65401.449999999975,18501.12
2023-04-23 23:35:03.979708,17.204761904761906,54.538571428571416,99517.37238095238,65401.449999999975,18501.12
2023-04-23 23:35:52.531117,17.182380952380957,54.57952380952382,99517.32809523807,65401.449999999975,18501.12
2023-04-23 23:36:41.082507,17.161904761904765,54.61904761904763,99518.04,65401.449999999975,18501.12
2023-04-23 23:37:29.634068,17.139047619047616,54.66952380952381,99518.84285714287,65401.449999999975,18501.12
2023-04-23 23:38:18.185503,17.112380952380953,54.72714285714286,99519.36904761905,65401.449999999975,18501.12
2023-04-23 23:39:06.736802,17.09095238095238,54.76809523809522,99519.9919047619,65401.449999999975,18501.12
2023-04-23 23:39:55.288217,17.063333333333336,54.820952380952384,99519.06904761904,65401.449999999975,18501.12
2023-04-23 23:40:43.839630,17.036190476190473,54.881904761904764,99518.30000000002,65401.449999999975,18501.12
2023-04-23 23:41:32.391146,17.006190476190476,54.94095238095239,99516.08095238096,65401.449999999975,18501.12
2023-04-23 23:42:20.942504,16.976666666666663,55.00095238095238,99515.46095238096,65401.449999999975,18501.12
2023-04-23 23:43:09.493938,16.947619047619046,55.045714285714276,99514.09952380952,65401.449999999975,18501.12
2023-04-23 23:43:58.045337,16.924761904761915,55.07047619047618,99512.23333333331,65401.449999999975,18501.12
2023-04-23 23:44:46.596746,16.886666666666667,54.93904761904762,99511.46761904762,65401.449999999975,18501.12
2023-04-23 23:45:35.148171,16.846666666666664,54.38619047619047,99511.1476190476,65401.449999999975,18501.12
2023-04-23 23:46:23.699758,16.777619047619044,53.3652380952381,99511.92904761907,65401.449999999975,18501.12
2023-04-23 23:47:12.251121,16.696190476190477,51.909047619047605,99511.64142857141,65401.449999999975,18501.12
2023-04-23 23:48:00.802626,16.59619047619047,50.60857142857143,99511.87619047619,65401.449999999975,18501.12
2023-04-23 23:48:49.354056,16.455714285714283,48.51571428571429,99510.16857142856,65401.449999999975,18501.12
2023-04-23 23:49:37.905557,16.310952380952386,46.14000000000001,99509.11476190474,65401.449999999975,18501.12
2023-04-23 23:50:26.457059,16.138571428571428,44.103333333333325,99507.45857142856,65401.449999999975,18501.12
2023-04-23 23:51:15.008659,15.952857142857145,41.889047619047616,99506.10190476189,65401.449999999975,18501.12
2023-04-23 23:52:03.560043,15.756190476190476,39.68380952380952,99506.04761904762,65401.449999999975,18501.12
2023-04-23 23:52:52.111560,15.557142857142859,37.672380952380955,99504.62857142856,65401.449999999975,18501.12
2023-04-23 23:53:40.663116,15.346666666666666,35.971904761904774,99504.43047619045,65401.449999999975,18501.12
2023-04-23 23:54:29.214591,15.12952380952381,34.290952380952376,99503.71857142856,65401.449999999975,18501.12
2023-04-23 23:55:17.765987,14.919999999999996,32.831428571428575,99503.31952380952,65401.449999999975,18501.12
2023-04-23 23:56:06.317442,14.69809523809524,31.399523809523814,99502.3638095238,65401.449999999975,18501.12
2023-04-23 23:56:54.868919,14.464285714285712,30.157142857142855,99502.39571428571,65401.449999999975,18501.12
2023-04-23 23:57:43.420386,14.22904761904762,29.01809523809524,99501.12523809524,65401.449999999975,18501.12
2023-04-23 23:58:31.971917,14.009047619047616,28.006666666666668,99500.37857142858,65401.449999999975,18501.12
2023-04-23 23:59:20.523293,13.784761904761906,27.098571428571432,99499.75761904761,65401.449999999975,18501.12
2023-04-24 00:00:09.074792,13.566190476190476,26.290000000000003,99499.80999999998,65401.449999999975,18501.12
2023-04-24 00:00:57.626227,13.337142857142856,25.59380952380952,99499.41952380953,65401.449999999975,18501.12
2023-04-24 00:01:46.177709,13.11,24.92904761904762,99498.95047619047,65401.449999999975,18501.12
2023-04-24 00:02:34.729282,12.895238095238096,24.244285714285713,99496.67047619045,65401.449999999975,18501.12
2023-04-24 00:03:23.280627,12.680476190476192,23.706190476190475,99496.55190476187,65401.449999999975,18501.12
2023-04-24 00:04:11.832184,12.457619047619046,23.255714285714287,99494.47571428573,65401.449999999975,18501.12
2023-04-24 00:05:00.383665,12.241904761904761,22.77666666666667,99493.58476190476,65401.449999999975,18501.12
2023-04-24 00:05:48.934958,12.02,22.40380952380952,99493.45809523808,65401.449999999975,18501.12
2023-04-24 00:06:37.486387,11.803809523809523,21.993333333333336,99491.2357142857,65401.449999999975,18501.12
2023-04-24 00:07:26.037945,11.590952380952384,21.613333333333333,99491.16952380953,65401.449999999975,18501.12
2023-04-24 00:08:14.589324,11.375714285714286,21.257142857142856,99490.30999999998,65401.449999999975,18501.12
2023-04-24 00:09:03.140785,11.169047619047621,20.97,99489.76571428569,65401.449999999975,18501.12
2023-04-24 00:09:51.692291,10.965238095238094,20.71047619047619,99489.61285714289,65401.449999999975,18501.12
2023-04-24 00:10:40.243746,10.756190476190477,20.49190476190476,99489.87047619047,65401.449999999975,18501.12
2023-04-24 00:11:28.795138,10.555238095238094,20.290952380952383,99489.48666666665,65401.449999999975,18501.12
2023-04-24 00:12:17.346540,10.358095238095242,20.05047619047619,99490.10476190477,65401.449999999975,18501.12
2023-04-24 00:13:05.897962,10.153809523809525,19.86809523809524,99490.37523809524,65401.449999999975,18501.12
2023-04-24 00:13:54.447037,9.966190476190476,19.762857142857143,99490.41761904761,65401.449999999975,18501.12
2023-04-24 00:14:42.997387,9.78095238095238,19.62333333333333,99490.72095238096,65401.449999999975,18501.12
2023-04-24 00:15:31.544929,9.592380952380953,19.501904761904765,99489.94666666666,65401.449999999975,18501.12
2023-04-24 00:16:20.090268,9.400952380952383,19.40714285714286,99489.39333333333,65401.449999999975,18501.12
2023-04-24 00:17:08.634720,9.221428571428572,19.28666666666666,99489.18809523809,65401.449999999975,18501.12
2023-04-24 00:17:57.185192,9.036190476190475,19.21666666666667,99488.73571428572,65401.449999999975,18501.12
2023-04-24 00:18:45.736676,8.856190476190474,19.126190476190473,99487.80333333334,65401.449999999975,18501.12
2023-04-24 00:19:34.285052,8.665714285714287,19.0747619047619,99486.1676190476,65401.449999999975,18501.12
2023-04-24 00:20:22.835481,8.479523809523808,18.98904761904762,99486.12809523809,65401.449999999975,18501.12
2023-04-24 00:21:11.382907,8.317142857142857,18.933333333333337,99485.51142857144,65401.449999999975,18501.12
2023-04-24 00:21:59.931577,8.139523809523807,18.884761904761902,99485.50999999998,65401.449999999975,18501.12
2023-04-24 00:22:48.479852,7.975238095238096,18.795714285714286,99484.69047619047,65401.449999999975,18501.12
2023-04-24 00:23:37.023281,7.80857142857143,18.735238095238095,99484.26666666665,65401.449999999975,18501.12
2023-04-24 00:24:25.572864,7.6523809523809545,18.670476190476194,99484.6857142857,65401.449999999975,18501.12
2023-04-24 00:25:14.124233,7.4866666666666655,18.628095238095238,99483.88714285714,65401.449999999975,18501.12
2023-04-24 00:26:02.672676,7.327142857142856,18.59857142857143,99482.85476190477,65401.449999999975,18501.12
2023-04-24 00:26:51.219257,7.170952380952384,18.570952380952384,99481.4714285714,65401.449999999975,18501.12
2023-04-24 00:27:39.770716,7.016190476190475,18.58809523809524,99480.71142857142,65401.449999999975,18501.12
2023-04-24 00:28:28.312188,6.870952380952382,18.55809523809524,99480.08095238094,65401.449999999975,18501.12
2023-04-24 00:29:16.857495,6.715238095238094,18.557619047619045,99478.59047619047,65401.449999999975,18501.12
2023-04-24 00:30:05.402965,6.575238095238096,18.574761904761907,99476.90857142855,65401.449999999975,18501.12
2023-04-24 00:30:53.948385,6.4285714285714315,18.596666666666668,99475.6476190476,65401.449999999975,18501.12
2023-04-24 00:31:42.491752,6.28952380952381,18.540952380952383,99474.5519047619,65401.449999999975,18501.12
2023-04-24 00:32:31.028444,6.148571428571429,18.488095238095234,99473.83142857143,65401.449999999975,18501.12
2023-04-24 00:33:19.561874,6.006666666666665,18.474761904761902,99472.40904761902,65401.449999999975,18501.12
2023-04-24 00:34:08.104219,5.866190476190475,18.454285714285714,99471.19714285713,65401.449999999975,18501.12
2023-04-24 00:34:56.640674,5.72904761904762,18.458571428571428,99471.75904761904,65401.449999999975,18501.12
2023-04-24 00:35:45.176097,5.605238095238096,18.476666666666667,99473.27238095237,65401.449999999975,18501.12
2023-04-24 00:36:33.711569,5.470000000000001,18.46714285714286,99472.88142857142,65401.449999999975,18501.12
2023-04-24 00:37:22.246116,5.344285714285715,18.478571428571428,99473.49619047619,65401.449999999975,18501.12
2023-04-24 00:38:10.782427,5.219047619047619,18.436666666666664,99473.35190476189,65401.449999999975,18501.12
2023-04-24 00:38:59.325881,5.0961904761904755,18.450952380952383,99472.70666666667,65401.449999999975,18501.12
2023-04-24 00:39:47.866352,4.970952380952381,18.454761904761906,99473.05428571427,65401.449999999975,18501.12
2023-04-24 00:40:37.406751,4.848571428571429,18.43095238095238,99471.75,65401.449999999975,18501.12
2023-04-24 00:41:25.941362,4.724761904761905,18.515714285714285,99470.75333333333,65401.449999999975,18501.12
2023-04-24 00:42:14.472772,4.6138095238095245,18.681428571428572,99470.31571428571,65401.449999999975,18501.12
2023-04-24 00:43:03.005230,4.511428571428572,19.055238095238096,99469.83285714287,65401.449999999975,18501.12
2023-04-24 00:43:51.540543,4.40952380952381,19.569999999999997,99468.86952380954,65401.449999999975,18501.12
2023-04-24 00:44:40.088080,4.3342857142857145,20.26095238095238,99470.13380952379,65401.449999999975,18501.12
2023-04-24 00:45:28.630425,4.270952380952381,21.334285714285716,99470.5242857143,65401.449999999975,18501.12
2023-04-24 00:46:17.164923,4.221904761904762,22.452857142857148,99471.84571428571,65401.449999999975,18501.12
2023-04-24 00:47:05.712400,4.195714285714286,23.834761904761905,99472.77523809523,65401.449999999975,18501.12
2023-04-24 00:47:54.250945,4.180476190476191,25.291428571428575,99473.85047619048,65401.449999999975,18501.12
2023-04-24 00:48:42.794265,4.188571428571429,27.08238095238096,99475.38238095237,65401.449999999975,18501.12
2023-04-24 00:49:31.337673,4.21,28.95476190476191,99477.31666666667,65401.449999999975,18501.12
2023-04-24 00:50:19.883109,4.248571428571428,30.63523809523809,99479.90857142858,65401.449999999975,18501.12
2023-04-24 00:51:08.429668,4.302857142857141,32.43666666666667,99481.85380952382,65401.449999999975,18501.12
2023-04-24 00:51:56.966998,4.351904761904763,34.16190476190477,99483.24952380953,65401.449999999975,18501.12
2023-04-24 00:52:45.506570,4.4190476190476184,35.920952380952386,99484.54857142858,65401.449999999975,18501.12
2023-04-24 00:53:34.036890,4.499047619047619,37.92333333333333,99486.39142857141,65401.449999999975,18501.12
2023-04-24 00:54:22.576498,4.576666666666665,39.758095238095244,99487.6076190476,65401.449999999975,18501.12
2023-04-24 00:55:11.107784,4.660476190476192,41.41952380952381,99489.77476190476,65401.449999999975,18501.12
2023-04-24 00:55:59.640336,4.75,43.23952380952382,99490.78952380951,65401.449999999975,18501.12
2023-04-24 00:56:48.177677,4.832857142857143,44.90904761904763,99492.85714285714,65401.449999999975,18501.12
2023-04-24 00:57:36.713131,4.930952380952381,46.53047619047619,99493.8138095238,65401.449999999975,18501.12
2023-04-24 00:58:25.246633,5.025714285714285,48.00333333333333,99494.82809523807,65401.449999999975,18501.12
2023-04-24 00:59:14.786033,5.123333333333334,49.53476190476191,99494.68238095236,65401.449999999975,18501.12
2023-04-24 01:00:03.329464,5.207619047619046,50.335238095238104,99494.68666666665,65401.449999999975,18501.12
2023-04-24 01:00:51.873818,5.283809523809525,49.79523809523808,99493.08428571427,65401.449999999975,18501.12
2023-04-24 01:01:40.410196,5.31904761904762,48.00190476190477,99491.74476190475,65401.449999999975,18501.12
2023-04-24 01:02:28.942719,5.311428571428572,45.47238095238096,99491.25,65401.449999999975,18501.12
2023-04-24 01:03:17.479260,5.287619047619048,43.00571428571429,99489.98523809524,65401.449999999975,18501.12
2023-04-24 01:04:06.014619,5.2404761904761905,40.68571428571428,99489.36952380954,65401.449999999975,18501.12
2023-04-24 01:04:54.546020,5.180476190476192,38.56238095238095,99488.72047619047,65401.449999999975,18501.12
2023-04-24 01:05:43.079366,5.1152380952380945,36.56380952380953,99487.57476190475,65401.449999999975,18501.12
2023-04-24 01:06:31.618690,5.043809523809524,34.72904761904762,99486.93809523809,65401.449999999975,18501.12
2023-04-24 01:07:20.165271,4.962380952380952,33.261428571428574,99485.76523809525,65401.449999999975,18501.12
2023-04-24 01:08:09.714662,4.872857142857143,31.889999999999993,99484.6619047619,65401.449999999975,18501.12
2023-04-24 01:08:58.257156,4.785238095238094,30.43095238095239,99483.6938095238,65401.449999999975,18501.12
2023-04-24 01:09:46.798565,4.703809523809525,29.470952380952376,99483.24095238096,65401.449999999975,18501.12
2023-04-24 01:10:35.342981,4.620952380952381,28.788095238095234,99482.68428571429,65401.449999999975,18501.12
2023-04-24 01:11:23.891433,4.550476190476191,28.47761904761905,99482.50047619047,65401.449999999975,18501.12
2023-04-24 01:12:12.440862,4.491428571428571,28.59619047619047,99482.05714285716,65401.449999999975,18501.12
2023-04-24 01:13:00.986320,4.451428571428571,29.098571428571432,99481.68857142857,65401.449999999975,18501.12
2023-04-24 01:13:49.537882,4.413809523809525,29.857619047619046,99482.31000000001,65401.449999999975,18501.12
2023-04-24 01:14:38.084216,4.41047619047619,30.91428571428571,99482.08904761905,65401.449999999975,18501.12
2023-04-24 01:15:26.629609,4.41809523809524,32.17285714285714,99482.38095238096,65401.449999999975,18501.12
2023-04-24 01:16:15.175068,4.429999999999999,33.55666666666667,99483.13047619046,65401.449999999975,18501.12
2023-04-24 01:17:03.720577,4.468571428571428,34.89904761904762,99483.98000000001,65401.449999999975,18501.12
2023-04-24 01:17:52.261089,4.508095238095239,36.49428571428571,99484.31952380952,65401.449999999975,18501.12
2023-04-24 01:18:40.810380,4.557142857142858,38.09952380952382,99484.5757142857,65401.449999999975,18501.12
2023-04-24 01:19:29.359844,4.614285714285714,39.473333333333336,99485.27523809523,65401.449999999975,18501.12
2023-04-24 01:20:17.911305,4.682857142857142,41.20476190476191,99485.06285714285,65401.449999999975,18501.12
2023-04-24 01:21:06.458807,4.7523809523809515,42.65333333333333,99486.03380952381,65401.449999999975,18501.12
2023-04-24 01:21:55.004217,4.826666666666666,44.14190476190476,99486.22142857143,65401.449999999975,18501.12
2023-04-24 01:22:43.547747,4.912857142857143,45.69380952380952,99485.81333333334,65401.449999999975,18501.12
2023-04-24 01:23:32.089158,4.9852380952380955,47.21380952380953,99486.5276190476,65401.449999999975,18501.12
2023-04-24 01:24:20.635519,5.0804761904761895,48.67857142857143,99487.89285714284,65401.449999999975,18501.12
2023-04-24 01:25:10.185896,5.168095238095237,50.04571428571429,99488.71238095236,65401.449999999975,18501.12
2023-04-24 01:25:58.731315,5.24952380952381,50.87238095238096,99489.23904761902,65401.449999999975,18501.12
2023-04-24 01:26:47.281890,5.310476190476191,50.31428571428573,99489.29238095238,65401.449999999975,18501.12
2023-04-24 01:27:35.832264,5.340476190476189,48.457142857142856,99489.78,65401.449999999975,18501.12
2023-04-24 01:28:24.382542,5.328571428571427,45.86380952380952,99488.46619047617,65401.449999999975,18501.12
2023-04-24 01:29:12.924128,5.306190476190477,43.77761904761904,99488.12809523812,65401.449999999975,18501.12
2023-04-24 01:30:01.460551,5.2557142857142845,41.79952380952382,99486.61666666667,65401.449999999975,18501.12
2023-04-24 01:30:50.001948,5.208095238095237,39.509523809523806,99485.90571428569,65401.449999999975,18501.12
2023-04-24 01:31:38.536471,5.151904761904764,37.42714285714285,99484.6523809524,65401.449999999975,18501.12
2023-04-24 01:32:27.082902,5.080952380952381,35.658095238095235,99484.01238095236,65401.449999999975,18501.12
2023-04-24 01:33:15.634278,4.997619047619048,34.1204761904762,99482.93238095238,65401.449999999975,18501.12
2023-04-24 01:34:05.187742,4.913333333333332,32.65904761904763,99482.90333333332,65401.449999999975,18501.12
2023-04-24 01:34:53.739010,4.83047619047619,31.47523809523809,99481.47333333333,65401.449999999975,18501.12
2023-04-24 01:35:42.289511,4.745238095238095,30.532857142857146,99480.83428571429,65401.449999999975,18501.12
2023-04-24 01:36:30.836031,4.669047619047619,29.747142857142858,99480.21761904763,65401.449999999975,18501.12
2023-04-24 01:37:19.386491,4.59,29.366666666666664,99480.3819047619,65401.449999999975,18501.12
2023-04-24 01:38:07.936999,4.538571428571429,29.390000000000004,99480.78571428571,65401.449999999975,18501.12
2023-04-24 01:38:56.487224,4.487619047619046,29.817142857142862,99481.38523809523,65401.449999999975,18501.12
2023-04-24 01:39:45.038669,4.464761904761905,30.433333333333334,99481.4576190476,65401.449999999975,18501.12
2023-04-24 01:40:33.587150,4.447142857142857,31.44142857142857,99481.28619047618,65401.449999999975,18501.12
2023-04-24 01:41:22.137663,4.459047619047618,32.669047619047625,99482.37857142856,65401.449999999975,18501.12
2023-04-24 01:42:10.689006,4.47095238095238,33.89142857142858,99483.55904761901,65401.449999999975,18501.12
2023-04-24 01:42:59.240542,4.5009523809523815,35.30809523809525,99485.27142857143,65401.449999999975,18501.12
2023-04-24 01:43:47.790861,4.534761904761906,36.649523809523814,99486.14619047621,65401.449999999975,18501.12
2023-04-24 01:44:36.342304,4.5842857142857145,38.203333333333326,99487.37809523809,65401.449999999975,18501.12
2023-04-24 01:45:24.891839,4.6328571428571435,39.733333333333334,99487.50904761902,65401.449999999975,18501.12
2023-04-24 01:46:13.435269,4.6899999999999995,41.18047619047619,99489.47952380951,65401.449999999975,18501.12
2023-04-24 01:47:01.984735,4.754761904761905,42.72571428571428,99490.43476190478,65401.449999999975,18501.12
2023-04-24 01:47:50.530117,4.830952380952381,44.021904761904764,99490.83190476189,65401.449999999975,18501.12
2023-04-24 01:48:39.073627,4.904285714285715,45.42285714285715,99491.0961904762,65401.449999999975,18501.12
2023-04-24 01:49:27.624931,4.980952380952381,46.888571428571424,99492.34857142856,65401.449999999975,18501.12
2023-04-24 01:50:16.172353,5.069523809523808,48.31666666666666,99492.9242857143,65401.449999999975,18501.12
2023-04-24 01:51:05.722771,5.155238095238095,49.87428571428571,99493.7142857143,65401.449999999975,18501.12
2023-04-24 01:51:54.271183,5.236666666666666,50.68000000000001,99494.80476190476,65401.449999999975,18501.12
2023-04-24 01:52:42.821760,5.284285714285716,50.026666666666664,99493.83333333333,65401.449999999975,18501.12
2023-04-24 01:53:31.371086,5.30857142857143,48.24857142857144,99491.47666666668,65401.449999999975,18501.12
2023-04-24 01:54:19.913633,5.310000000000001,45.98952380952381,99490.47619047618,65401.449999999975,18501.12
2023-04-24 01:55:08.452980,5.278095238095237,43.66095238095239,99490.47904761902,65401.449999999975,18501.12
2023-04-24 01:55:56.995397,5.236190476190475,41.50761904761905,99491.57190476192,65401.449999999975,18501.12
2023-04-24 01:56:45.535847,5.1814285714285715,39.475238095238105,99491.18523809525,65401.449999999975,18501.12
2023-04-24 01:57:34.069380,5.119999999999999,37.54809523809523,99490.66666666667,65401.449999999975,18501.12
2023-04-24 01:58:22.618697,5.04047619047619,35.86428571428572,99492.95333333334,65401.449999999975,18501.12
2023-04-24 01:59:11.163339,4.964285714285714,34.27,99493.84904761905,65401.449999999975,18501.12
2023-04-24 02:00:00.717582,4.881428571428571,32.94380952380952,99494.11285714286,65401.449999999975,18501.12
2023-04-24 02:00:49.269058,4.801428571428571,31.722857142857144,99495.6638095238,65401.449999999975,18501.12
2023-04-24 02:01:37.818580,4.713809523809524,30.595238095238102,99496.52809523809,65401.449999999975,18501.12
2023-04-24 02:02:26.365878,4.637619047619047,29.975238095238097,99497.8519047619,65401.449999999975,18501.12
2023-04-24 02:03:14.914439,4.570952380952382,29.665238095238102,99499.56904761905,65401.449999999975,18501.12
2023-04-24 02:04:03.465905,4.5076190476190465,29.622380952380954,99498.63761904763,65401.449999999975,18501.12
2023-04-24 02:04:52.007291,4.471904761904761,29.964761904761904,99499.92904761904,65401.449999999975,18501.12
2023-04-24 02:05:40.553803,4.438571428571428,30.544285714285714,99502.49238095238,65401.449999999975,18501.12
2023-04-24 02:06:29.104418,4.420952380952381,31.547142857142862,99504.62476190476,65401.449999999975,18501.12
2023-04-24 02:07:17.652776,4.423333333333333,32.7142857142857,99505.81571428574,65401.449999999975,18501.12
2023-04-24 02:08:06.200269,4.440476190476189,33.92761904761905,99509.42095238094,65401.449999999975,18501.12
2023-04-24 02:08:54.751754,4.46142857142857,35.25238095238095,99510.38142857139,65401.449999999975,18501.12
2023-04-24 02:09:43.300423,4.501428571428573,36.65571428571429,99512.05476190476,65401.449999999975,18501.12
2023-04-24 02:10:31.845802,4.5423809523809515,38.06761904761905,99514.16666666667,65401.449999999975,18501.12
2023-04-24 02:11:20.394180,4.5890476190476175,39.44380952380953,99515.58523809524,65401.449999999975,18501.12
2023-04-24 02:12:08.940673,4.650952380952382,40.96999999999999,99519.6076190476,65401.449999999975,18501.12
2023-04-24 02:12:57.488129,4.711904761904762,42.357619047619046,99522.27714285713,65401.449999999975,18501.12
2023-04-24 02:13:46.039731,4.786666666666666,43.844761904761896,99526.25095238096,65401.449999999975,18501.12
2023-04-24 02:14:34.588116,4.865714285714286,45.35285714285715,99528.21380952382,65401.449999999975,18501.12
2023-04-24 02:15:23.139593,4.935714285714286,46.58761904761906,99530.24142857145,65401.449999999975,18501.12
2023-04-24 02:16:11.689944,5.0200000000000005,47.95333333333333,99532.64285714286,65401.449999999975,18501.12
2023-04-24 02:17:01.237426,5.108571428571429,49.32952380952381,99532.94999999998,65401.449999999975,18501.12
2023-04-24 02:17:49.783827,5.184285714285712,50.292380952380945,99535.93857142857,65401.449999999975,18501.12
2023-04-24 02:18:38.332372,5.240952380952381,49.693809523809534,99538.93476190478,65401.449999999975,18501.12
2023-04-24 02:19:26.882803,5.2642857142857125,47.95190476190477,99539.66428571427,65401.449999999975,18501.12
2023-04-24 02:20:15.432392,5.253809523809522,45.76476190476191,99538.93333333332,65401.449999999975,18501.12
2023-04-24 02:21:03.974732,5.223809523809523,43.52380952380952,99538.88238095237,65401.449999999975,18501.12
2023-04-24 02:21:52.520173,5.1800000000000015,41.50333333333333,99541.26999999997,65401.449999999975,18501.12
2023-04-24 02:22:41.067662,5.1309523809523805,39.48380952380952,99544.00428571428,65401.449999999975,18501.12
2023-04-24 02:23:29.611076,5.067619047619046,37.599999999999994,99543.22333333333,65401.449999999975,18501.12
2023-04-24 02:24:18.156725,4.9857142857142875,35.93333333333334,99544.17666666667,65401.449999999975,18501.12
2023-04-24 02:25:07.705970,4.9161904761904776,34.25380952380952,99544.72047619047,65401.449999999975,18501.12
2023-04-24 02:25:56.250440,4.835238095238095,32.93238095238095,99547.98047619047,65401.449999999975,18501.12
2023-04-24 02:26:44.801095,4.759523809523809,31.837142857142855,99548.21142857142,65401.449999999975,18501.12
2023-04-24 02:27:33.351339,4.682857142857143,31.091904761904765,99550.3361904762,65401.449999999975,18501.12
2023-04-24 02:28:21.900884,4.615714285714285,30.67142857142857,99551.71714285715,65401.449999999975,18501.12
2023-04-24 02:29:10.452286,4.55952380952381,30.648095238095244,99552.88142857142,65401.449999999975,18501.12
2023-04-24 02:29:59.003758,4.512380952380953,30.995714285714286,99555.77047619049,65401.449999999975,18501.12
2023-04-24 02:30:47.555170,4.493333333333332,31.59952380952381,99556.96857142856,65401.449999999975,18501.12
2023-04-24 02:31:36.105622,4.477142857142856,32.49285714285714,99558.60142857145,65401.449999999975,18501.12
2023-04-24 02:32:24.652089,4.481428571428571,33.46238095238095,99561.03904761904,65401.449999999975,18501.12
2023-04-24 02:33:13.202639,4.492857142857143,34.576190476190476,99563.50047619049,65401.449999999975,18501.12
2023-04-24 02:34:01.749127,4.5147619047619045,35.80190476190476,99564.74476190477,65401.449999999975,18501.12
2023-04-24 02:34:50.300445,4.5476190476190474,37.03238095238095,99565.94333333333,65401.449999999975,18501.12
2023-04-24 02:35:38.850007,4.591428571428571,38.43904761904761,99567.12761904762,65401.449999999975,18501.12
2023-04-24 02:36:27.399331,4.632380952380953,39.83,99570.17333333331,65401.449999999975,18501.12
2023-04-24 02:37:15.950787,4.691428571428572,41.20095238095238,99572.18238095236,65401.449999999975,18501.12
2023-04-24 02:38:04.502261,4.751904761904761,42.56476190476191,99572.50142857144,65401.449999999975,18501.12
2023-04-24 02:38:53.051685,4.811904761904762,43.91619047619048,99572.73571428572,65401.449999999975,18501.12
2023-04-24 02:39:41.603272,4.887619047619047,45.17095238095239,99573.42904761904,65401.449999999975,18501.12
2023-04-24 02:40:30.152612,4.96047619047619,46.60619047619048,99576.29857142859,65401.449999999975,18501.12
2023-04-24 02:41:18.702036,5.039047619047618,47.99999999999999,99577.80285714284,65401.449999999975,18501.12
2023-04-24 02:42:08.256487,5.120000000000001,49.280476190476186,99579.27095238095,65401.449999999975,18501.12
2023-04-24 02:42:56.802922,5.195238095238094,50.15190476190475,99579.79238095236,65401.449999999975,18501.12
2023-04-24 02:43:45.350363,5.254761904761905,49.6804761904762,99580.15571428569,65401.449999999975,18501.12
2023-04-24 02:44:33.901811,5.279523809523811,48.03857142857143,99580.54571428572,65401.449999999975,18501.12
2023-04-24 02:45:22.451217,5.273809523809523,45.842857142857135,99580.67380952381,65401.449999999975,18501.12
2023-04-24 02:46:11.001761,5.236190476190475,43.736666666666665,99579.63380952382,65401.449999999975,18501.12
2023-04-24 02:46:59.549160,5.193333333333333,41.7447619047619,99580.52142857143,65401.449999999975,18501.12
2023-04-24 02:47:48.097743,5.144285714285714,39.736666666666665,99581.5195238095,65401.449999999975,18501.12
2023-04-24 02:48:36.647231,5.077142857142857,37.76285714285714,99580.55095238095,65401.449999999975,18501.12
2023-04-24 02:49:25.193683,5.01095238095238,36.01428571428571,99579.79190476189,65401.449999999975,18501.12
2023-04-24 02:50:13.740998,4.938095238095237,34.518095238095235,99579.3338095238,65401.449999999975,18501.12
2023-04-24 02:51:03.292421,4.8585714285714285,32.98571428571429,99579.18857142857,65401.449999999975,18501.12
2023-04-24 02:51:51.840889,4.767619047619047,31.776190476190475,99578.44047619047,65401.449999999975,18501.12
2023-04-24 02:52:40.387336,4.683809523809525,30.827619047619052,99578.56333333334,65401.449999999975,18501.12
2023-04-24 02:53:28.929868,4.604285714285713,30.129523809523807,99578.1638095238,65401.449999999975,18501.12
2023-04-24 02:54:17.471241,4.535238095238096,29.76476190476191,99577.35142857142,65401.449999999975,18501.12
2023-04-24 02:55:06.006784,4.4799999999999995,29.73095238095238,99578.44428571427,65401.449999999975,18501.12
2023-04-24 02:55:54.545245,4.441904761904762,30.03523809523809,99579.60428571429,65401.449999999975,18501.12
2023-04-24 02:56:43.089568,4.408095238095238,30.71142857142857,99580.91285714283,65401.449999999975,18501.12
2023-04-24 02:57:31.633036,4.398095238095239,31.651428571428568,99582.33999999998,65401.449999999975,18501.12
2023-04-24 02:58:20.173606,4.397142857142858,32.76380952380952,99582.94095238094,65401.449999999975,18501.12
2023-04-24 02:59:08.718095,4.4052380952380945,33.86857142857143,99583.89428571428,65401.449999999975,18501.12
2023-04-24 02:59:57.256349,4.428571428571427,35.21857142857143,99584.89333333334,65401.449999999975,18501.12
2023-04-24 03:00:45.801825,4.462857142857142,36.559047619047625,99587.71190476189,65401.449999999975,18501.12
2023-04-24 03:01:34.348265,4.510000000000001,37.96809523809524,99589.3357142857,65401.449999999975,18501.12
2023-04-24 03:02:22.882698,4.555714285714285,39.41285714285715,99590.10333333335,65401.449999999975,18501.12
2023-04-24 03:03:11.418148,4.613333333333332,41.00190476190475,99592.1857142857,65401.449999999975,18501.12
2023-04-24 03:03:59.957649,4.676190476190476,42.390952380952385,99593.81238095237,65401.449999999975,18501.12
2023-04-24 03:04:48.495212,4.740952380952381,43.72142857142857,99595.6319047619,65401.449999999975,18501.12
2023-04-24 03:05:37.029657,4.815238095238096,45.070952380952384,99595.46523809523,65401.449999999975,18501.12
2023-04-24 03:06:25.576989,4.893333333333334,46.3747619047619,99595.73285714287,65401.449999999975,18501.12
2023-04-24 03:07:14.122407,4.967142857142859,47.69857142857143,99596.62476190476,65401.449999999975,18501.12
2023-04-24 03:08:02.657985,5.053809523809522,49.039047619047615,99598.06190476191,65401.449999999975,18501.12
2023-04-24 03:08:52.207298,5.140952380952381,50.282380952380954,99598.94285714287,65401.449999999975,18501.12
2023-04-24 03:09:40.743912,5.22095238095238,51.11904761904762,99598.74904761903,65401.449999999975,18501.12
2023-04-24 03:10:29.286231,5.27904761904762,50.67571428571428,99599.05952380953,65401.449999999975,18501.12
2023-04-24 03:11:17.827810,5.293333333333336,48.89904761904762,99597.66000000002,65401.449999999975,18501.12
2023-04-24 03:12:06.364240,5.286666666666666,46.55095238095238,99599.13142857145,65401.449999999975,18501.12
2023-04-24 03:12:54.907431,5.26047619047619,44.462380952380954,99597.9176190476,65401.449999999975,18501.12
2023-04-24 03:13:43.445807,5.221428571428571,42.25714285714285,99596.53380952381,65401.449999999975,18501.12
2023-04-24 03:14:31.996160,5.15952380952381,40.249523809523815,99594.30190476187,65401.449999999975,18501.12
2023-04-24 03:15:20.540514,5.100476190476189,38.29238095238095,99594.39380952381,65401.449999999975,18501.12
2023-04-24 03:16:09.083898,5.025714285714287,36.36095238095237,99591.49904761903,65401.449999999975,18501.12
2023-04-24 03:16:57.632267,4.952857142857143,34.853809523809524,99591.51238095236,65401.449999999975,18501.12
2023-04-24 03:17:47.177724,4.868095238095238,33.4352380952381,99589.22761904758,65401.449999999975,18501.12
2023-04-24 03:18:35.721196,4.783809523809523,32.169047619047625,99589.25333333334,65401.449999999975,18501.12
2023-04-24 03:19:24.265377,4.700476190476192,31.130476190476184,99589.05714285716,65401.449999999975,18501.12
2023-04-24 03:20:12.811853,4.620952380952382,30.343333333333334,99590.78904761905,65401.449999999975,18501.12
2023-04-24 03:21:01.363304,4.552380952380953,29.92238095238095,99591.70285714287,65401.449999999975,18501.12
2023-04-24 03:21:49.912589,4.494761904761904,29.893333333333327,99590.81000000001,65401.449999999975,18501.12
2023-04-24 03:22:38.457030,4.448571428571429,30.198571428571427,99592.07476190475,65401.449999999975,18501.12
2023-04-24 03:23:26.998355,4.413333333333334,30.81238095238095,99593.07666666669,65401.449999999975,18501.12
2023-04-24 03:24:15.536829,4.400476190476191,31.783809523809516,99593.88047619049,65401.449999999975,18501.12
2023-04-24 03:25:04.085186,4.392380952380953,32.859047619047615,99596.47999999998,65401.449999999975,18501.12
2023-04-24 03:25:52.628620,4.399047619047618,33.939523809523806,99598.91714285713,65401.449999999975,18501.12
2023-04-24 03:26:41.174015,4.420476190476189,35.13380952380953,99600.24666666667,65401.449999999975,18501.12
2023-04-24 03:27:29.717484,4.45095238095238,36.45809523809525,99602.19428571429,65401.449999999975,18501.12
2023-04-24 03:28:18.264972,4.484285714285713,37.724761904761905,99602.47333333333,65401.449999999975,18501.12
2023-04-24 03:29:06.799329,4.533333333333336,39.174285714285716,99604.4357142857,65401.449999999975,18501.12
2023-04-24 03:29:55.340752,4.580476190476191,40.55476190476191,99605.53380952378,65401.449999999975,18501.12
2023-04-24 03:30:43.880271,4.633809523809525,42.04714285714285,99606.42428571427,65401.449999999975,18501.12
2023-04-24 03:31:32.420553,4.6971428571428575,43.31428571428571,99607.90285714285,65401.449999999975,18501.12
2023-04-24 03:32:20.962975,4.766666666666667,44.61666666666667,99607.55571428573,65401.449999999975,18501.12
2023-04-24 03:33:09.509397,4.838571428571429,45.7947619047619,99609.40238095236,65401.449999999975,18501.12
2023-04-24 03:33:58.054848,4.92047619047619,47.30809523809524,99610.23095238094,65401.449999999975,18501.12
2023-04-24 03:34:46.598263,5.0042857142857144,48.53523809523809,99611.32190476192,65401.449999999975,18501.12
2023-04-24 03:35:36.144662,5.083333333333333,49.90190476190475,99612.83428571429,65401.449999999975,18501.12
2023-04-24 03:36:24.687145,5.162857142857143,50.609999999999985,99613.04857142858,65401.449999999975,18501.12
2023-04-24 03:37:13.218505,5.2228571428571415,50.26285714285714,99614.23190476191,65401.449999999975,18501.12
2023-04-24 03:38:01.755068,5.246190476190476,48.523809523809526,99611.30761904761,65401.449999999975,18501.12
2023-04-24 03:38:50.296380,5.239047619047618,46.15952380952381,99613.35952380951,65401.449999999975,18501.12
2023-04-24 03:39:38.840945,5.204761904761903,43.911428571428566,99613.09904761905,65401.449999999975,18501.12
2023-04-24 03:40:27.389360,5.161904761904762,41.87714285714286,99612.06428571431,65401.449999999975,18501.12
2023-04-24 03:41:15.929812,5.108571428571428,40.025238095238095,99611.6523809524,65401.449999999975,18501.12
2023-04-24 03:42:04.474104,5.0476190476190474,38.09142857142857,99612.17809523811,65401.449999999975,18501.12
2023-04-24 03:42:53.021666,4.9747619047619045,36.285714285714285,99611.87238095238,65401.449999999975,18501.12
2023-04-24 03:43:42.574062,4.906666666666665,34.65380952380953,99610.96476190478,65401.449999999975,18501.12
2023-04-24 03:44:31.120385,4.825714285714285,33.265238095238104,99610.5314285714,65401.449999999975,18501.12
2023-04-24 03:45:19.669820,4.74095238095238,32.26380952380952,99611.67333333334,65401.449999999975,18501.12
2023-04-24 03:46:08.215219,4.6657142857142855,31.461904761904766,99611.6080952381,65401.449999999975,18501.12
2023-04-24 03:46:56.765885,4.601904761904761,30.992857142857133,99611.10428571429,65401.449999999975,18501.12
2023-04-24 03:47:45.313460,4.540000000000001,30.88952380952381,99611.33238095239,65401.449999999975,18501.12
2023-04-24 03:48:33.860905,4.49952380952381,31.12619047619047,99612.47380952381,65401.449999999975,18501.12
2023-04-24 03:49:22.410318,4.4780952380952375,31.78809523809524,99611.29809523809,65401.449999999975,18501.12
2023-04-24 03:50:10.956994,4.454761904761904,32.64523809523809,99610.44095238094,65401.449999999975,18501.12
2023-04-24 03:50:59.503357,4.453333333333332,33.537619047619046,99611.17047619045,65401.449999999975,18501.12
2023-04-24 03:51:48.050880,4.462857142857142,34.6204761904762,99612.20999999999,65401.449999999975,18501.12
2023-04-24 03:52:36.601467,4.485714285714286,35.85809523809524,99611.57285714285,65401.449999999975,18501.12
2023-04-24 03:53:25.152981,4.5114285714285725,37.0547619047619,99613.74428571427,65401.449999999975,18501.12
2023-04-24 03:54:13.699397,4.552380952380953,38.41952380952381,99613.80142857142,65401.449999999975,18501.12
2023-04-24 03:55:02.250853,4.606190476190475,39.758095238095244,99613.83380952381,65401.449999999975,18501.12
2023-04-24 03:55:50.801309,4.657619047619047,41.200476190476195,99615.53571428571,65401.449999999975,18501.12
2023-04-24 03:56:39.351811,4.715714285714286,42.575238095238085,99615.52095238095,65401.449999999975,18501.12
2023-04-24 03:57:27.901297,4.787619047619048,43.804285714285705,99616.34000000001,65401.449999999975,18501.12
2023-04-24 03:58:16.445748,4.857619047619047,45.21904761904761,99617.28619047618,65401.449999999975,18501.12
2023-04-24 03:59:04.997329,4.93,46.53,99617.52761904763,65401.449999999975,18501.12
2023-04-24 03:59:53.548685,5.0061904761904765,47.62190476190475,99618.67142857141,65401.449999999975,18501.12
2023-04-24 04:00:43.099101,5.092380952380952,49.174285714285716,99619.81047619048,65401.449999999975,18501.12
2023-04-24 04:01:31.643721,5.163333333333334,50.06571428571428,99620.31857142856,65401.449999999975,18501.12
2023-04-24 04:02:20.192163,5.222857142857142,49.67238095238095,99621.95904761904,65401.449999999975,18501.12
2023-04-24 04:03:08.737489,5.246190476190476,47.92761904761904,99621.34523809524,65401.449999999975,18501.12
2023-04-24 04:03:57.283963,5.232857142857142,45.83047619047619,99620.89285714286,65401.449999999975,18501.12
2023-04-24 04:04:45.833435,5.200000000000001,43.724761904761905,99620.20619047616,65401.449999999975,18501.12
2023-04-24 04:05:34.384885,5.160000000000001,41.643809523809516,99619.65047619047,65401.449999999975,18501.12
2023-04-24 04:06:22.936385,5.10142857142857,39.638095238095225,99618.26999999999,65401.449999999975,18501.12
2023-04-24 04:07:11.479702,5.036190476190476,37.86809523809523,99616.92666666667,65401.449999999975,18501.12
2023-04-24 04:08:00.018265,4.972380952380952,36.00619047619047,99616.95666666667,65401.449999999975,18501.12
2023-04-24 04:08:49.561865,4.888571428571428,34.37190476190476,99616.61857142858,65401.449999999975,18501.12
2023-04-24 04:09:38.097168,4.804285714285713,33.10809523809524,99617.26809523809,65401.449999999975,18501.12
2023-04-24 04:10:26.630700,4.728095238095239,32.06238095238095,99617.20666666667,65401.449999999975,18501.12
2023-04-24 04:11:15.161183,4.655714285714286,31.31761904761905,99616.58095238094,65401.449999999975,18501.12
2023-04-24 04:12:03.693598,4.586666666666666,30.833809523809528,99616.37999999998,65401.449999999975,18501.12
2023-04-24 04:12:52.230979,4.53809523809524,30.74095238095238,99616.21523809523,65401.449999999975,18501.12
2023-04-24 04:13:40.770398,4.488571428571428,31.023333333333333,99616.50714285714,65401.449999999975,18501.12
2023-04-24 04:14:29.311854,4.462380952380951,31.623809523809523,99616.28380952381,65401.449999999975,18501.12
2023-04-24 04:15:17.858288,4.451904761904761,32.48190476190476,99616.84809523809,65401.449999999975,18501.12
2023-04-24 04:16:06.401747,4.45095238095238,33.42285714285715,99618.28714285714,65401.449999999975,18501.12
2023-04-24 04:16:54.942165,4.471904761904761,34.58095238095238,99620.2338095238,65401.449999999975,18501.12
2023-04-24 04:17:43.479644,4.495714285714287,35.79571428571428,99622.40857142855,65401.449999999975,18501.12
2023-04-24 04:18:32.026081,4.526666666666667,37.13047619047619,99623.30619047617,65401.449999999975,18501.12
2023-04-24 04:19:20.566629,4.571904761904762,38.56571428571428,99623.79619047616,65401.449999999975,18501.12
2023-04-24 04:20:09.112003,4.621428571428572,40.10142857142856,99624.90809523809,65401.449999999975,18501.12
2023-04-24 04:20:57.650379,4.672380952380952,41.41619047619048,99624.62666666665,65401.449999999975,18501.12
2023-04-24 04:21:46.186903,4.743333333333334,42.76952380952381,99626.17571428574,65401.449999999975,18501.12
2023-04-24 04:22:34.719192,4.8114285714285705,44.163809523809526,99628.01619047618,65401.449999999975,18501.12
2023-04-24 04:23:23.250590,4.88047619047619,45.45761904761905,99629.56666666664,65401.449999999975,18501.12
2023-04-24 04:24:11.783092,4.955238095238096,46.97,99629.80142857143,65401.449999999975,18501.12
2023-04-24 04:25:00.322401,5.029999999999999,48.22571428571429,99633.50619047621,65401.449999999975,18501.12
2023-04-24 04:25:49.858970,5.115238095238096,49.4595238095238,99633.66047619047,65401.449999999975,18501.12
2023-04-24 04:26:38.390250,5.1947619047619025,50.261428571428574,99634.91714285716,65401.449999999975,18501.12
2023-04-24 04:27:26.920694,5.25047619047619,49.88619047619047,99634.55142857142,65401.449999999975,18501.12
2023-04-24 04:28:15.462186,5.271428571428571,48.18333333333333,99634.93809523809,65401.449999999975,18501.12
2023-04-24 04:29:04.001583,5.268571428571427,46.0695238095238,99635.09095238094,65401.449999999975,18501.12
2023-04-24 04:29:52.537945,5.234761904761903,44.01761904761905,99634.39476190474,65401.449999999975,18501.12
2023-04-24 04:30:41.075452,5.185714285714286,41.890476190476186,99635.85952380954,65401.449999999975,18501.12
2023-04-24 04:31:29.622755,5.136666666666667,39.96476190476191,99633.80380952383,65401.449999999975,18501.12
2023-04-24 04:32:18.162332,5.078571428571429,37.754285714285714,99631.91380952383,65401.449999999975,18501.12
2023-04-24 04:33:06.707647,5.001428571428572,36.0995238095238,99631.8819047619,65401.449999999975,18501.12
2023-04-24 04:33:55.256014,4.926190476190476,34.43095238095238,99629.65333333332,65401.449999999975,18501.12
2023-04-24 04:34:44.810423,4.85095238095238,33.08,99629.1976190476,65401.449999999975,18501.12
2023-04-24 04:35:33.360944,4.759047619047618,31.84238095238095,99627.31571428571,65401.449999999975,18501.12
2023-04-24 04:36:21.911302,4.678095238095239,30.777142857142856,99626.34714285712,65401.449999999975,18501.12
2023-04-24 04:37:10.461742,4.601904761904761,30.1647619047619,99627.95190476191,65401.449999999975,18501.12
2023-04-24 04:37:59.008172,4.534285714285714,29.81857142857143,99627.41714285713,65401.449999999975,18501.12
2023-04-24 04:38:47.559766,4.468095238095236,29.744761904761898,99628.52142857143,65401.449999999975,18501.12
2023-04-24 04:39:36.110148,4.421904761904761,30.001428571428576,99630.12047619047,65401.449999999975,18501.12
2023-04-24 04:40:24.658455,4.394285714285715,30.66761904761905,99630.45238095238,65401.449999999975,18501.12
2023-04-24 04:41:13.198021,4.3776190476190475,31.583809523809528,99631.37523809524,65401.449999999975,18501.12
2023-04-24 04:42:01.733355,4.373333333333333,32.64,99630.3076190476,65401.449999999975,18501.12
2023-04-24 04:42:50.280063,4.386190476190476,33.830952380952375,99630.63428571427,65401.449999999975,18501.12
2023-04-24 04:43:38.831225,4.402380952380952,35.13333333333333,99630.53714285714,65401.449999999975,18501.12
2023-04-24 04:44:27.381643,4.434761904761904,36.46714285714285,99632.40190476191,65401.449999999975,18501.12
2023-04-24 04:45:15.931135,4.474285714285713,37.87333333333333,99632.70000000001,65401.449999999975,18501.12
2023-04-24 04:46:04.473495,4.521904761904763,39.273809523809526,99632.75666666665,65401.449999999975,18501.12
2023-04-24 04:46:53.020955,4.58,40.695238095238096,99633.89380952381,65401.449999999975,18501.12
2023-04-24 04:47:41.572385,4.63761904761905,42.184285714285714,99635.7038095238,65401.449999999975,18501.12
2023-04-24 04:48:30.122987,4.705714285714285,43.43714285714286,99633.13523809523,65401.449999999975,18501.12
2023-04-24 04:49:18.674306,4.783809523809524,44.72571428571429,99634.12857142858,65401.449999999975,18501.12
2023-04-24 04:50:07.223871,4.853809523809525,46.18238095238095,99634.43285714285,65401.449999999975,18501.12
2023-04-24 04:50:55.774132,4.937142857142858,47.42285714285714,99636.50666666665,65401.449999999975,18501.12
2023-04-24 04:51:44.321538,5.015714285714286,48.760000000000005,99636.9857142857,65401.449999999975,18501.12
2023-04-24 04:52:33.872020,5.098571428571429,50.103809523809524,99638.18761904762,65401.449999999975,18501.12
2023-04-24 04:53:22.420458,5.1795238095238085,50.92380952380951,99639.2457142857,65401.449999999975,18501.12
2023-04-24 04:54:10.968011,5.2333333333333325,50.37095238095238,99639.23571428572,65401.449999999975,18501.12
2023-04-24 04:54:59.519423,5.259523809523809,48.589999999999996,99637.84904761905,65401.449999999975,18501.12
2023-04-24 04:55:48.070765,5.241904761904761,46.28190476190476,99637.91857142856,65401.449999999975,18501.12
2023-04-24 04:56:36.622187,5.218095238095237,44.29571428571429,99638.31095238094,65401.449999999975,18501.12
2023-04-24 04:57:25.163849,5.173809523809525,42.28619047619047,99636.55809523808,65401.449999999975,18501.12
2023-04-24 04:58:13.714205,5.117619047619047,40.0852380952381,99634.80380952383,65401.449999999975,18501.12
2023-04-24 04:59:02.265542,5.058571428571428,38.08571428571429,99633.39571428571,65401.449999999975,18501.12
2023-04-24 04:59:50.815215,4.988571428571428,36.24809523809524,99634.01857142856,65401.449999999975,18501.12
2023-04-24 05:00:40.369467,4.911428571428572,34.684761904761906,99631.40619047618,65401.449999999975,18501.12
2023-04-24 05:01:28.913895,4.826190476190477,33.34714285714285,99628.78333333334,65401.449999999975,18501.12
2023-04-24 05:02:17.457366,4.749047619047619,32.28000000000001,99626.76904761905,65401.449999999975,18501.12
2023-04-24 05:03:06.001781,4.673809523809525,31.464761904761904,99624.48857142856,65401.449999999975,18501.12
2023-04-24 05:03:54.543310,4.6085714285714285,30.921904761904766,99624.82904761903,65401.449999999975,18501.12
2023-04-24 05:04:43.087661,4.5480952380952395,30.81571428571429,99624.06333333334,65401.449999999975,18501.12
2023-04-24 05:05:31.635210,4.501904761904761,31.074285714285708,99623.66142857143,65401.449999999975,18501.12
2023-04-24 05:06:20.183118,4.471428571428571,31.733809523809523,99623.6342857143,65401.449999999975,18501.12
2023-04-24 05:07:08.729018,4.463809523809523,32.48952380952381,99623.73571428572,65401.449999999975,18501.12
2023-04-24 05:07:57.273409,4.46142857142857,33.482857142857135,99624.97095238094,65401.449999999975,18501.12
2023-04-24 05:08:45.824876,4.474285714285715,34.66666666666668,99625.86142857143,65401.449999999975,18501.12
2023-04-24 05:09:34.372411,4.49904761904762,35.94047619047619,99628.12333333332,65401.449999999975,18501.12
2023-04-24 05:10:22.917142,4.533809523809525,37.25476190476191,99629.24476190475,65401.449999999975,18501.12
2023-04-24 05:11:11.458326,4.5790476190476195,38.599047619047624,99629.70095238094,65401.449999999975,18501.12
2023-04-24 05:11:59.991640,4.628571428571429,40.10285714285715,99630.7238095238,65401.449999999975,18501.12
2023-04-24 05:12:48.537066,4.6833333333333345,41.45952380952381,99631.9861904762,65401.449999999975,18501.12
2023-04-24 05:13:37.077472,4.745238095238095,42.81142857142857,99632.41714285713,65401.449999999975,18501.12
2023-04-24 05:14:25.629113,4.812857142857145,44.21,99632.19476190476,65401.449999999975,18501.12
2023-04-24 05:15:14.176402,4.885714285714285,45.59714285714285,99633.0480952381,65401.449999999975,18501.12
2023-04-24 05:16:02.726780,4.954285714285715,46.7852380952381,99631.21190476189,65401.449999999975,18501.12
2023-04-24 05:16:51.271272,5.032857142857142,48.11380952380953,99630.41142857143,65401.449999999975,18501.12
2023-04-24 05:17:40.821676,5.116190476190477,49.508095238095244,99632.0123809524,65401.449999999975,18501.12
2023-04-24 05:18:29.370117,5.191904761904759,50.413809523809526,99634.41714285716,65401.449999999975,18501.12
2023-04-24 05:19:17.917561,5.243809523809523,49.89619047619048,99635.46761904763,65401.449999999975,18501.12
2023-04-24 05:20:06.469017,5.27,48.288095238095245,99635.28571428571,65401.449999999975,18501.12
2023-04-24 05:20:55.020523,5.256190476190476,46.066190476190485,99635.93333333333,65401.449999999975,18501.12
2023-04-24 05:21:43.569009,5.2333333333333325,43.95571428571428,99637.29857142855,65401.449999999975,18501.12
2023-04-24 05:22:32.112361,5.182857142857143,41.75428571428572,99637.82285714282,65401.449999999975,18501.12
2023-04-24 05:23:20.658899,5.132857142857143,39.80428571428571,99636.90333333332,65401.449999999975,18501.12
2023-04-24 05:24:09.210301,5.070952380952381,37.80380952380953,99636.32476190476,65401.449999999975,18501.12
2023-04-24 05:24:57.758644,4.998095238095237,36.04333333333333,99634.77523809523,65401.449999999975,18501.12
2023-04-24 05:25:47.313091,4.9209523809523805,34.531904761904755,99634.06857142856,65401.449999999975,18501.12
2023-04-24 05:26:35.856643,4.8376190476190475,33.111428571428576,99632.73571428572,65401.449999999975,18501.12
2023-04-24 05:27:24.404109,4.752380952380952,31.971428571428575,99631.22047619047,65401.449999999975,18501.12
2023-04-24 05:28:12.953517,4.682857142857143,31.24904761904762,99630.81285714285,65401.449999999975,18501.12
2023-04-24 05:29:01.504894,4.611428571428571,30.76333333333334,99630.86047619049,65401.449999999975,18501.12
2023-04-24 05:29:50.054425,4.553333333333334,30.660476190476192,99631.26285714284,65401.449999999975,18501.12
2023-04-24 05:30:38.604832,4.507619047619047,30.976190476190474,99631.39619047618,65401.449999999975,18501.12
2023-04-24 05:31:27.156399,4.487142857142857,31.576190476190476,99631.54238095236,65401.449999999975,18501.12
2023-04-24 05:32:15.707773,4.473333333333333,32.42666666666667,99633.58761904761,65401.449999999975,18501.12
2023-04-24 05:33:04.257286,4.473809523809523,33.40952380952381,99633.56666666667,65401.449999999975,18501.12
2023-04-24 05:33:52.803758,4.481904761904761,34.63809523809524,99634.88428571427,65401.449999999975,18501.12
2023-04-24 05:34:41.345185,4.510000000000001,35.84761904761905,99635.45333333334,65401.449999999975,18501.12
2023-04-24 05:35:29.891771,4.53809523809524,37.19190476190476,99636.87619047616,65401.449999999975,18501.12
2023-04-24 05:36:18.442186,4.578095238095237,38.59619047619047,99638.50333333333,65401.449999999975,18501.12
2023-04-24 05:37:06.993657,4.626666666666667,40.18190476190477,99640.13047619049,65401.449999999975,18501.12
2023-04-24 05:37:55.538966,4.680476190476191,41.56523809523809,99641.27809523809,65401.449999999975,18501.12
2023-04-24 05:38:44.089444,4.743333333333334,42.882857142857155,99642.3638095238,65401.449999999975,18501.12
2023-04-24 05:39:32.635909,4.810952380952382,44.20285714285715,99642.93095238095,65401.449999999975,18501.12
2023-04-24 05:40:21.181361,4.882380952380952,45.52428571428571,99643.08047619047,65401.449999999975,18501.12
2023-04-24 05:41:09.731827,4.9523809523809526,46.81047619047619,99644.85809523807,65401.449999999975,18501.12
2023-04-24 05:41:58.272317,5.032857142857141,48.06999999999999,99645.2357142857,65401.449999999975,18501.12
2023-04-24 05:42:47.811701,5.114285714285716,49.40095238095238,99645.53952380952,65401.449999999975,18501.12
2023-04-24 05:43:36.350159,5.19095238095238,50.36714285714286,99645.3576190476,65401.449999999975,18501.12
2023-04-24 05:44:24.898586,5.244761904761905,49.96523809523809,99644.69666666666,65401.449999999975,18501.12
2023-04-24 05:45:13.444061,5.265238095238095,48.17380952380953,99643.90190476191,65401.449999999975,18501.12
2023-04-24 05:46:01.989491,5.256190476190476,46.118095238095236,99644.10142857145,65401.449999999975,18501.12
2023-04-24 05:46:50.533940,5.225714285714285,43.926666666666655,99644.63999999997,65401.449999999975,18501.12
2023-04-24 05:47:39.079403,5.187619047619048,41.88285714285714,99642.89952380951,65401.449999999975,18501.12
2023-04-24 05:48:27.621961,5.13,39.94380952380952,99642.53476190477,65401.449999999975,18501.12
2023-04-24 05:49:16.160419,5.062380952380953,37.72238095238095,99642.22285714287,65401.449999999975,18501.12
2023-04-24 05:50:04.711830,4.984285714285716,36.10047619047619,99642.82238095238,65401.449999999975,18501.12
2023-04-24 05:50:54.268296,4.911904761904763,34.49523809523809,99641.67333333334,65401.449999999975,18501.12
2023-04-24 05:51:42.817613,4.826190476190475,33.08571428571429,99643.00666666667,65401.449999999975,18501.12
2023-04-24 05:52:31.368144,4.74904761904762,31.954761904761902,99643.20333333331,65401.449999999975,18501.12
2023-04-24 05:53:19.917607,4.671428571428572,31.225714285714282,99642.89428571428,65401.449999999975,18501.12
2023-04-24 05:54:08.468965,4.609047619047618,30.79190476190476,99643.4461904762,65401.449999999975,18501.12
2023-04-24 05:54:57.020417,4.550000000000001,30.727142857142862,99642.96761904762,65401.449999999975,18501.12
2023-04-24 05:55:45.570848,4.502380952380951,31.03523809523809,99643.02047619049,65401.449999999975,18501.12
2023-04-24 05:56:34.119342,4.484285714285714,31.651428571428575,99642.72285714287,65401.449999999975,18501.12
2023-04-24 05:57:22.667896,4.455714285714284,32.48190476190476,99644.01190476191,65401.449999999975,18501.12
2023-04-24 05:58:11.215182,4.452380952380952,33.42809523809523,99644.09571428571,65401.449999999975,18501.12
2023-04-24 05:58:59.754608,4.459523809523808,34.53857142857143,99644.11428571428,65401.449999999975,18501.12
2023-04-24 05:59:48.300127,4.479047619047619,35.72238095238095,99644.6319047619,65401.449999999975,18501.12
2023-04-24 06:00:36.848682,4.508095238095239,36.94095238095238,99643.44761904761,65401.449999999975,18501.12
2023-04-24 06:01:25.392072,4.545238095238097,38.26428571428572,99642.84857142856,65401.449999999975,18501.12
2023-04-24 06:02:13.932526,4.592380952380951,39.74666666666668,99644.57476190478,65401.449999999975,18501.12
2023-04-24 06:03:02.479883,4.641904761904763,41.078095238095244,99646.91571428569,65401.449999999975,18501.12
2023-04-24 06:03:51.017336,4.706190476190477,42.49999999999999,99649.55333333334,65401.449999999975,18501.12
2023-04-24 06:04:39.564661,4.768571428571429,43.894285714285715,99651.27952380953,65401.449999999975,18501.12
2023-04-24 06:05:28.101231,4.8342857142857145,45.134761904761895,99652.73904761905,65401.449999999975,18501.12
2023-04-24 06:06:16.643514,4.911428571428571,46.30714285714286,99655.52095238095,65401.449999999975,18501.12
2023-04-24 06:07:05.187997,4.980952380952381,47.807619047619056,99657.64095238096,65401.449999999975,18501.12
2023-04-24 06:07:53.727256,5.0614285714285705,49.090476190476195,99657.85428571429,65401.449999999975,18501.12
2023-04-24 06:08:43.265690,5.144761904761905,50.37095238095238,99659.1423809524,65401.449999999975,18501.12
2023-04-24 06:09:31.798096,5.214285714285713,51.19142857142856,99660.76523809525,65401.449999999975,18501.12
2023-04-24 06:10:20.335563,5.276666666666666,50.62523809523809,99662.76238095236,65401.449999999975,18501.12
2023-04-24 06:11:08.875054,5.29809523809524,48.913333333333334,99664.57285714285,65401.449999999975,18501.12
2023-04-24 06:11:57.426416,5.292857142857143,46.67047619047619,99664.42666666667,65401.449999999975,18501.12
2023-04-24 06:12:45.973913,5.2642857142857125,44.66380952380952,99665.4942857143,65401.449999999975,18501.12
2023-04-24 06:13:34.522216,5.2261904761904745,42.41809523809523,99666.17952380952,65401.449999999975,18501.12
2023-04-24 06:14:23.070713,5.171428571428573,40.36619047619049,99667.21047619048,65401.449999999975,18501.12
2023-04-24 06:15:11.617129,5.106190476190475,38.447142857142865,99667.7338095238,65401.449999999975,18501.12
2023-04-24 06:16:00.165634,5.034285714285714,36.60523809523809,99668.24428571427,65401.449999999975,18501.12
2023-04-24 06:16:48.717088,4.956666666666667,34.95666666666666,99670.79476190476,65401.449999999975,18501.12
2023-04-24 06:17:38.272557,4.876190476190476,33.540476190476184,99671.57857142857,65401.449999999975,18501.12
2023-04-24 06:18:26.823931,4.789047619047618,32.205714285714286,99670.31809523811,65401.449999999975,18501.12
2023-04-24 06:19:15.375226,4.709523809523809,31.14285714285715,99667.77285714286,65401.449999999975,18501.12
2023-04-24 06:20:03.925685,4.630476190476191,30.420952380952382,99666.9080952381,65401.449999999975,18501.12
2023-04-24 06:20:52.472228,4.562857142857145,29.9952380952381,99666.72714285714,65401.449999999975,18501.12
2023-04-24 06:21:41.022528,4.502857142857143,29.95809523809524,99666.58285714287,65401.449999999975,18501.12
2023-04-24 06:22:29.562005,4.451904761904761,30.238095238095234,99666.3423809524,65401.449999999975,18501.12
2023-04-24 06:23:18.103592,4.419047619047619,30.929047619047612,99668.45333333334,65401.449999999975,18501.12
2023-04-24 06:24:06.651847,4.405714285714286,31.85380952380953,99669.41095238095,65401.449999999975,18501.12
2023-04-24 06:24:55.202417,4.389047619047621,32.824285714285715,99670.71285714285,65401.449999999975,18501.12
2023-04-24 06:25:43.749791,4.390476190476191,33.82238095238095,99671.8338095238,65401.449999999975,18501.12
2023-04-24 06:26:32.295156,4.402380952380953,35.0647619047619,99674.19809523808,65401.449999999975,18501.12
2023-04-24 06:27:20.843788,4.433333333333333,36.33238095238096,99676.13238095237,65401.449999999975,18501.12
2023-04-24 06:28:09.392086,4.4728571428571415,37.69285714285714,99678.59428571427,65401.449999999975,18501.12
2023-04-24 06:28:57.941478,4.515238095238097,38.99904761904763,99681.3038095238,65401.449999999975,18501.12
2023-04-24 06:29:46.491015,4.574285714285715,40.51904761904761,99683.37571428572,65401.449999999975,18501.12
2023-04-24 06:30:35.042461,4.626190476190477,41.84428571428572,99686.0038095238,65401.449999999975,18501.12
2023-04-24 06:31:23.590869,4.693333333333333,43.173809523809524,99688.61809523807,65401.449999999975,18501.12
2023-04-24 06:32:12.136350,4.76047619047619,44.637142857142855,99691.99380952382,65401.449999999975,18501.12
2023-04-24 06:33:00.685651,4.836666666666666,45.93238095238096,99692.7476190476,65401.449999999975,18501.12
2023-04-24 06:33:49.234084,4.900952380952381,47.04190476190475,99695.55714285716,65401.449999999975,18501.12
2023-04-24 06:34:37.777630,4.99047619047619,48.25619047619048,99696.50666666665,65401.449999999975,18501.12
2023-04-24 06:35:26.325961,5.066190476190475,49.78714285714287,99698.56666666667,65401.449999999975,18501.12
2023-04-24 06:36:15.882390,5.155238095238096,50.74476190476191,99698.46761904763,65401.449999999975,18501.12
2023-04-24 06:37:04.432833,5.231904761904762,51.67476190476191,99698.71476190475,65401.449999999975,18501.12
2023-04-24 06:37:52.982405,5.286666666666668,51.152380952380945,99699.38380952382,65401.449999999975,18501.12
2023-04-24 06:38:41.533927,5.311428571428572,49.47523809523808,99700.05047619047,65401.449999999975,18501.12
2023-04-24 06:39:30.085425,5.307142857142859,47.3447619047619,99699.96761904762,65401.449999999975,18501.12
2023-04-24 06:40:18.636875,5.2857142857142865,45.27238095238095,99702.97095238096,65401.449999999975,18501.12
2023-04-24 06:41:07.188409,5.233809523809523,43.115238095238105,99698.87238095238,65401.449999999975,18501.12
2023-04-24 06:41:55.736774,5.18952380952381,40.86285714285714,99698.65380952379,65401.449999999975,18501.12
2023-04-24 06:42:44.287235,5.121428571428571,38.67142857142858,99699.29333333332,65401.449999999975,18501.12
2023-04-24 06:43:32.838804,5.048095238095239,36.91619047619048,99700.01857142858,65401.449999999975,18501.12
2023-04-24 06:44:21.389162,4.972380952380952,35.32142857142858,99699.69714285713,65401.449999999975,18501.12
2023-04-24 06:45:10.945756,4.894761904761905,33.821428571428584,99699.70523809524,65401.449999999975,18501.12
2023-04-24 06:45:59.497220,4.808095238095238,32.50619047619047,99701.4,65401.449999999975,18501.12
2023-04-24 06:46:48.048662,4.727619047619048,31.4652380952381,99702.46523809523,65401.449999999975,18501.12
2023-04-24 06:47:36.600073,4.639047619047618,30.641428571428566,99702.49142857142,65401.449999999975,18501.12
2023-04-24 06:48:25.151516,4.572857142857144,30.15857142857143,99702.96476190478,65401.449999999975,18501.12
2023-04-24 06:49:13.702118,4.516666666666667,30.091904761904754,99705.22095238096,65401.449999999975,18501.12
2023-04-24 06:50:02.253524,4.465714285714284,30.381428571428582,99705.89285714286,65401.449999999975,18501.12
2023-04-24 06:50:50.802890,4.4328571428571415,30.97333333333333,99707.72333333333,65401.449999999975,18501.12
2023-04-24 06:51:39.353440,4.416666666666667,31.865238095238098,99711.01476190475,65401.449999999975,18501.12
2023-04-24 06:52:27.901782,4.407619047619049,32.94857142857142,99712.00047619047,65401.449999999975,18501.12
2023-04-24 06:53:16.451118,4.418571428571427,34.14238095238095,99713.69571428573,65401.449999999975,18501.12
2023-04-24 06:54:04.999881,4.441904761904761,35.255714285714284,99716.33761904761,65401.449999999975,18501.12
2023-04-24 06:54:53.550152,4.459047619047618,36.49285714285715,99718.69714285716,65401.449999999975,18501.12
2023-04-24 06:55:42.099660,4.49904761904762,37.77761904761905,99718.72380952381,65401.449999999975,18501.12
2023-04-24 06:56:30.649962,4.546190476190477,39.13809523809524,99720.2980952381,65401.449999999975,18501.12
2023-04-24 06:57:19.199644,4.592380952380951,40.588571428571434,99719.52333333335,65401.449999999975,18501.12
2023-04-24 06:58:07.750960,4.651904761904763,41.997142857142855,99720.12666666665,65401.449999999975,18501.12
2023-04-24 06:58:56.302416,4.708571428571429,43.36190476190476,99720.76238095236,65401.449999999975,18501.12
2023-04-24 06:59:44.842905,4.776190476190476,44.72380952380953,99722.99476190475,65401.449999999975,18501.12
2023-04-24 07:00:33.383306,4.852857142857143,46.00190476190477,99725.49333333333,65401.449999999975,18501.12
2023-04-24 07:01:21.932791,4.927619047619048,47.290476190476184,99724.88857142856,65401.449999999975,18501.12
2023-04-24 07:02:10.478266,4.99857142857143,48.44238095238095,99727.36047619047,65401.449999999975,18501.12
2023-04-24 07:02:59.020803,5.083333333333333,49.80904761904762,99700.09666666664,65401.449999999975,18501.12
2023-04-24 07:03:48.568260,5.167142857142856,50.98476190476191,99689.30476190476,65401.449999999975,18501.12
2023-04-24 07:04:37.116600,5.241904761904761,51.768571428571434,99705.44428571429,65401.449999999975,18501.12
2023-04-24 07:05:25.666987,5.297142857142857,51.31571428571429,99718.89142857141,65401.449999999975,18501.12
2023-04-24 07:06:14.215616,5.319047619047619,49.74476190476191,99726.1619047619,65401.449999999975,18501.12
2023-04-24 07:07:02.762030,5.312857142857144,47.135714285714286,99730.81238095238,65401.449999999975,18501.12
2023-04-24 07:07:51.311326,5.282380952380952,44.89142857142857,99735.34952380952,65401.449999999975,18501.12
2023-04-24 07:08:39.861936,5.233333333333332,42.81142857142858,99735.42428571427,65401.449999999975,18501.12
2023-04-24 07:09:28.413398,5.175714285714287,40.66285714285715,99735.70714285712,65401.449999999975,18501.12
2023-04-24 07:10:16.963851,5.1185714285714266,38.598571428571425,99737.08666666666,65401.449999999975,18501.12
2023-04-24 07:11:05.514298,5.043333333333333,36.72333333333332,99733.8338095238,65401.449999999975,18501.12
2023-04-24 07:11:54.063637,4.963809523809524,35.117619047619044,99738.10285714285,65401.449999999975,18501.12
2023-04-24 07:12:43.620126,4.887142857142857,33.70333333333333,99730.38904761904,65401.449999999975,18501.12
2023-04-24 07:13:32.167561,4.798571428571428,32.341904761904765,99731.0519047619,65401.449999999975,18501.12
2023-04-24 07:14:20.717979,4.711904761904764,31.202857142857148,99728.34333333334,65401.449999999975,18501.12
2023-04-24 07:15:09.263638,4.635238095238096,30.492857142857144,99735.70809523811,65401.449999999975,18501.12
2023-04-24 07:15:57.809955,4.566190476190478,30.01380952380952,99731.63238095237,65401.449999999975,18501.12
2023-04-24 07:16:46.355329,4.4990476190476185,29.960952380952385,99730.21285714285,65401.449999999975,18501.12
2023-04-24 07:17:34.898850,4.4433333333333325,30.23190476190476,99732.79571428572,65401.449999999975,18501.12
2023-04-24 07:18:23.437264,4.420952380952382,30.80476190476191,99736.75809523811,65401.449999999975,18501.12
2023-04-24 07:19:11.982758,4.400476190476191,31.675238095238097,99742.58476190476,65401.449999999975,18501.12
2023-04-24 07:20:00.532291,4.392857142857143,32.682380952380946,99741.29571428569,65401.449999999975,18501.12
2023-04-24 07:20:49.079756,4.403333333333333,33.92095238095238,99740.55571428571,65401.449999999975,18501.12
2023-04-24 07:21:37.626141,4.42,35.25666666666667,99740.7295238095,65401.449999999975,18501.12
2023-04-24 07:22:26.173521,4.453809523809523,36.515714285714274,99737.5123809524,65401.449999999975,18501.12
2023-04-24 07:23:14.721993,4.496666666666667,37.95142857142858,99747.37904761902,65401.449999999975,18501.12
2023-04-24 07:24:03.266557,4.541428571428573,39.34523809523809,99753.17619047618,65401.449999999975,18501.12
2023-04-24 07:24:51.800925,4.599047619047618,40.86619047619048,99755.76190476191,65401.449999999975,18501.12
2023-04-24 07:25:40.341379,4.657619047619048,42.17666666666666,99749.6080952381,65401.449999999975,18501.12
2023-04-24 07:26:28.887939,4.723333333333333,43.5952380952381,99756.12285714287,65401.449999999975,18501.12
2023-04-24 07:27:17.435665,4.791428571428571,44.88619047619048,99759.10000000002,65401.449999999975,18501.12
2023-04-24 07:28:05.984719,4.867619047619048,46.16619047619047,99765.32095238093,65401.449999999975,18501.12
2023-04-24 07:28:54.530149,4.940476190476192,47.59904761904763,99770.16095238095,65401.449999999975,18501.12
2023-04-24 07:29:43.081628,5.023809523809525,48.817619047619054,99774.6919047619,65401.449999999975,18501.12
2023-04-24 07:30:32.633096,5.110476190476192,50.114761904761906,99774.64333333334,65401.449999999975,18501.12
2023-04-24 07:31:21.183620,5.183809523809524,50.9752380952381,99782.22333333336,65401.449999999975,18501.12
2023-04-24 07:32:09.733951,5.235238095238094,50.50714285714285,99785.36,65401.449999999975,18501.12
2023-04-24 07:32:58.279553,5.261428571428571,48.87904761904762,99786.49761904763,65401.449999999975,18501.12
2023-04-24 07:33:46.822005,5.253333333333332,46.68714285714285,99786.94142857143,65401.449999999975,18501.12
2023-04-24 07:34:35.362311,5.22142857142857,44.44047619047619,99790.4138095238,65401.449999999975,18501.12
2023-04-24 07:35:23.913740,5.174761904761906,42.08523809523809,99790.14952380952,65401.449999999975,18501.12
2023-04-24 07:36:12.461390,5.123333333333332,40.03285714285714,99797.06571428571,65401.449999999975,18501.12
2023-04-24 07:37:01.003786,5.056666666666665,37.98047619047619,99797.03952380952,65401.449999999975,18501.12
2023-04-24 07:37:49.549287,4.9714285714285715,36.154285714285706,99794.04285714285,65401.449999999975,18501.12
2023-04-24 07:38:39.100650,4.89904761904762,34.61285714285714,99799.19952380953,65401.449999999975,18501.12
2023-04-24 07:39:27.649136,4.814285714285714,33.174285714285716,99800.29,65401.449999999975,18501.12
2023-04-24 07:40:16.196487,4.735714285714287,32.075714285714284,99805.0538095238,65401.449999999975,18501.12
2023-04-24 07:41:04.745021,4.654285714285715,31.233809523809523,99802.97428571428,65401.449999999975,18501.12
2023-04-24 07:41:53.292362,4.587142857142858,30.82190476190476,99812.21095238096,65401.449999999975,18501.12
2023-04-24 07:42:41.828840,4.524761904761905,30.668571428571436,99809.79523809525,65401.449999999975,18501.12
2023-04-24 07:43:30.366317,4.476190476190475,30.945714285714285,99808.95666666667,65401.449999999975,18501.12
2023-04-24 07:44:18.898724,4.443333333333333,31.573809523809516,99815.08047619047,65401.449999999975,18501.12
2023-04-24 07:45:07.431280,4.425238095238096,32.32142857142858,99817.91142857142,65401.449999999975,18501.12
2023-04-24 07:45:55.968558,4.417619047619047,33.25428571428571,99818.65952380953,65401.449999999975,18501.12
2023-04-24 07:46:44.509090,4.418571428571429,34.32285714285714,99823.4438095238,65401.449999999975,18501.12
2023-04-24 07:47:33.043290,4.434285714285713,35.42047619047619,99827.04523809522,65401.449999999975,18501.12
2023-04-24 07:48:21.575786,4.464285714285713,36.68809523809524,99827.5023809524,65401.449999999975,18501.12
2023-04-24 07:49:10.125185,4.498095238095239,38.08714285714286,99830.83142857143,65401.449999999975,18501.12
2023-04-24 07:49:58.674598,4.536666666666667,39.40190476190476,99834.3338095238,65401.449999999975,18501.12
2023-04-24 07:50:47.221889,4.5909523809523805,40.71714285714287,99835.62857142858,65401.449999999975,18501.12
2023-04-24 07:51:35.771308,4.635238095238096,42.23571428571429,99839.91380952383,65401.449999999975,18501.12
2023-04-24 07:52:24.312743,4.703333333333333,43.57619047619049,99844.77476190476,65401.449999999975,18501.12
2023-04-24 07:53:12.856207,4.767619047619048,44.77809523809523,99845.64047619049,65401.449999999975,18501.12
2023-04-24 07:54:01.407482,4.837619047619049,46.02095238095238,99850.07333333332,65401.449999999975,18501.12
2023-04-24 07:54:49.959033,4.917142857142856,47.392857142857146,99848.72380952381,65401.449999999975,18501.12
2023-04-24 07:55:38.509435,4.994761904761906,48.60238095238095,99850.93,65401.449999999975,18501.12
2023-04-24 07:56:27.056780,5.069047619047618,49.78904761904761,99854.61761904761,65401.449999999975,18501.12
2023-04-24 07:57:16.609176,5.157619047619048,51.00190476190477,99856.27142857143,65401.449999999975,18501.12
2023-04-24 07:58:05.153565,5.238095238095237,51.76333333333336,99860.00904761904,65401.449999999975,18501.12
2023-04-24 07:58:53.702107,5.285238095238097,51.31380952380952,99861.67047619045,65401.449999999975,18501.12
2023-04-24 07:59:42.251403,5.310476190476191,49.6752380952381,99863.47714285714,65401.449999999975,18501.12
2023-04-24 08:00:30.799035,5.305714285714288,47.393333333333345,99865.8280952381,65401.449999999975,18501.12
2023-04-24 08:01:19.344300,5.278095238095238,45.45095238095238,99865.30095238095,65401.449999999975,18501.12
2023-04-24 08:02:07.890815,5.237142857142857,43.11619047619048,99867.12047619044,65401.449999999975,18501.12
2023-04-24 08:02:56.438235,5.186190476190477,40.98714285714285,99868.93190476189,65401.449999999975,18501.12
2023-04-24 08:03:44.989564,5.113809523809523,38.722380952380945,99868.09571428571,65401.449999999975,18501.12
2023-04-24 08:04:33.541072,5.045238095238095,36.89142857142857,99872.58380952381,65401.449999999975,18501.12
2023-04-24 08:05:22.090425,4.971904761904763,35.32809523809524,99872.19428571429,65401.449999999975,18501.12
2023-04-24 08:06:11.645854,4.890952380952382,33.80666666666667,99872.78095238094,65401.449999999975,18501.12
2023-04-24 08:07:00.196329,4.797619047619047,32.381904761904764,99875.75952380954,65401.449999999975,18501.12
2023-04-24 08:07:48.746731,4.705238095238097,31.31333333333333,99877.82190476189,65401.449999999975,18501.12
2023-04-24 08:08:37.298256,4.626666666666666,30.504761904761907,99879.63095238095,65401.449999999975,18501.12
2023-04-24 08:09:25.843638,4.54857142857143,30.083809523809524,99882.77095238095,65401.449999999975,18501.12
2023-04-24 08:10:14.394163,4.4866666666666655,30.067619047619047,99886.17190476193,65401.449999999975,18501.12
2023-04-24 08:11:02.944629,4.44,30.410476190476185,99886.26809523809,65401.449999999975,18501.12
2023-04-24 08:11:51.486833,4.403333333333334,31.043809523809532,99887.57428571429,65401.449999999975,18501.12
2023-04-24 08:12:40.020503,4.386190476190476,31.927142857142858,99891.88142857142,65401.449999999975,18501.12
2023-04-24 08:13:28.564842,4.386190476190476,33.0247619047619,99889.98666666665,65401.449999999975,18501.12
2023-04-24 08:14:17.102325,4.38952380952381,34.16428571428571,99894.98285714287,65401.449999999975,18501.12
2023-04-24 08:15:05.640701,4.408571428571429,35.39095238095238,99898.84238095238,65401.449999999975,18501.12
2023-04-24 08:15:54.189165,4.436666666666666,36.752380952380946,99899.33904761905,65401.449999999975,18501.12
2023-04-24 08:16:42.739577,4.484761904761905,38.07999999999999,99902.28285714285,65401.449999999975,18501.12
2023-04-24 08:17:31.286086,4.530952380952383,39.61000000000001,99901.56857142856,65401.449999999975,18501.12
2023-04-24 08:18:19.830462,4.585238095238095,41.06857142857143,99905.13714285714,65401.449999999975,18501.12
2023-04-24 08:19:08.381970,4.641428571428572,42.37333333333333,99908.78523809525,65401.449999999975,18501.12
2023-04-24 08:19:56.928477,4.704285714285715,43.70476190476191,99913.65857142858,65401.449999999975,18501.12
2023-04-24 08:20:45.474788,4.774761904761904,45.114761904761906,99912.97047619047,65401.449999999975,18501.12
2023-04-24 08:21:34.022296,4.84047619047619,46.26190476190476,99916.19095238094,65401.449999999975,18501.12
2023-04-24 08:22:22.567769,4.923809523809525,47.51761904761905,99920.18761904762,65401.449999999975,18501.12
2023-04-24 08:23:11.111240,4.991904761904762,48.88095238095238,99916.93095238095,65401.449999999975,18501.12
2023-04-24 08:23:59.661793,5.08095238095238,50.11428571428572,99926.08809523808,65401.449999999975,18501.12
2023-04-24 08:24:49.215260,5.158571428571428,51.31380952380952,99928.53095238094,65401.449999999975,18501.12
2023-04-24 08:25:37.765579,5.2333333333333325,52.105714285714285,99926.92,65401.449999999975,18501.12
2023-04-24 08:26:26.313084,5.28904761904762,51.437142857142874,99930.71619047619,65401.449999999975,18501.12
2023-04-24 08:27:14.863722,5.32142857142857,49.98047619047619,99934.3819047619,65401.449999999975,18501.12
2023-04-24 08:28:03.411106,5.309047619047621,47.43047619047619,99933.90904761902,65401.449999999975,18501.12
2023-04-24 08:28:51.962417,5.275238095238095,45.010000000000005,99935.82761904762,65401.449999999975,18501.12
2023-04-24 08:29:40.510883,5.229999999999999,43.02714285714286,99935.78952380951,65401.449999999975,18501.12
2023-04-24 08:30:29.060470,5.169047619047621,40.75714285714285,99940.06666666667,65401.449999999975,18501.12
2023-04-24 08:31:17.610931,5.100476190476189,38.69428571428572,99934.86285714286,65401.449999999975,18501.12
2023-04-24 08:32:06.161347,5.020476190476191,36.91571428571428,99937.42857142857,65401.449999999975,18501.12
2023-04-24 08:32:54.710692,4.940476190476191,35.267142857142865,99942.47619047618,65401.449999999975,18501.12
2023-04-24 08:33:44.257147,4.858095238095237,33.7795238095238,99942.10476190475,65401.449999999975,18501.12
2023-04-24 08:34:32.804594,4.765238095238094,32.49809523809523,99941.8361904762,65401.449999999975,18501.12
2023-04-24 08:35:21.348045,4.672857142857144,31.240952380952383,99943.64571428571,65401.449999999975,18501.12
2023-04-24 08:36:09.886610,4.599047619047618,30.480476190476192,99947.02619047619,65401.449999999975,18501.12
2023-04-24 08:36:58.429134,4.5180952380952375,30.07761904761905,99949.95095238094,65401.449999999975,18501.12
2023-04-24 08:37:46.979297,4.457619047619046,30.020000000000003,99953.92333333334,65401.449999999975,18501.12
2023-04-24 08:38:35.530857,4.404761904761905,30.336190476190474,99958.64380952378,65401.449999999975,18501.12
2023-04-24 08:39:24.077296,4.375238095238095,30.95380952380952,99958.97380952381,65401.449999999975,18501.12
2023-04-24 08:40:12.618727,4.355238095238095,31.85,99961.39904761904,65401.449999999975,18501.12
2023-04-24 08:41:01.161330,4.347142857142857,32.780952380952385,99964.96285714285,65401.449999999975,18501.12
2023-04-24 08:41:49.709615,4.348571428571428,33.84952380952381,99964.68285714285,65401.449999999975,18501.12
2023-04-24 08:42:38.258083,4.357619047619049,35.005238095238106,99967.76809523809,65401.449999999975,18501.12
2023-04-24 08:43:26.806507,4.381428571428572,36.27523809523809,99969.35333333333,65401.449999999975,18501.12
2023-04-24 08:44:15.355017,4.418095238095236,37.61380952380952,99971.63523809523,65401.449999999975,18501.12
2023-04-24 08:45:03.904495,4.454285714285713,38.91571428571428,99975.9561904762,65401.449999999975,18501.12
2023-04-24 08:45:52.453979,4.504761904761905,40.34761904761905,99977.30333333334,65401.449999999975,18501.12
2023-04-24 08:46:41.003442,4.560476190476191,41.77047619047619,99976.04857142858,65401.449999999975,18501.12
2023-04-24 08:47:29.550749,4.6242857142857146,43.180476190476185,99984.91666666667,65401.449999999975,18501.12
2023-04-24 08:48:18.102229,4.6866666666666665,44.42714285714286,99983.63428571427,65401.449999999975,18501.12
2023-04-24 08:49:06.652662,4.755714285714285,45.79238095238096,99985.68904761903,65401.449999999975,18501.12
2023-04-24 08:49:55.203244,4.824761904761905,47.00523809523809,99989.49142857142,65401.449999999975,18501.12
2023-04-24 08:50:43.753677,4.903809523809524,48.3552380952381,99988.9357142857,65401.449999999975,18501.12
2023-04-24 08:51:32.299113,4.974761904761904,49.57,99989.81380952382,65401.449999999975,18501.12
2023-04-24 08:52:20.846430,5.06047619047619,50.75238095238096,99988.73095238094,65401.449999999975,18501.12
2023-04-24 08:53:10.397907,5.142380952380953,51.94904761904762,99992.38476190474,65401.449999999975,18501.12
2023-04-24 08:53:58.942395,5.2195238095238095,52.57285714285714,99994.65190476191,65401.449999999975,18501.12
2023-04-24 08:54:47.493791,5.2771428571428585,51.98190476190476,99994.17666666667,65401.449999999975,18501.12
2023-04-24 08:55:36.033080,5.304761904761906,50.36095238095238,99996.2238095238,65401.449999999975,18501.12
2023-04-24 08:56:24.569632,5.301428571428572,48.07142857142857,99998.66952380953,65401.449999999975,18501.12
2023-04-24 08:57:13.107979,5.275238095238095,45.75380952380952,100000.33809523808,65401.449999999975,18501.12
2023-04-24 08:58:01.645385,5.226666666666666,43.379999999999995,100003.08714285713,65401.449999999975,18501.12
2023-04-24 08:58:50.185680,5.1642857142857155,41.26142857142856,100002.36666666667,65401.449999999975,18501.12
2023-04-24 08:59:38.729226,5.091904761904761,39.048095238095236,100002.55952380953,65401.449999999975,18501.12
2023-04-24 09:00:27.274650,5.017619047619046,37.026190476190486,100004.50666666667,65401.449999999975,18501.12
2023-04-24 09:01:15.809919,4.931428571428572,35.32142857142857,99999.96238095236,65401.449999999975,18501.12
2023-04-24 09:02:05.347418,4.84904761904762,33.90238095238095,100000.09333333334,65401.449999999975,18501.12
2023-04-24 09:02:53.888773,4.757142857142857,32.59857142857144,100000.80190476187,65401.449999999975,18501.12
2023-04-24 09:03:42.436281,4.675714285714287,31.405714285714286,100004.69428571429,65401.449999999975,18501.12
2023-04-24 09:04:30.986712,4.592380952380952,30.603809523809527,100005.09285714284,65401.449999999975,18501.12
2023-04-24 09:05:19.530126,4.515238095238094,30.178095238095246,100004.12809523809,65401.449999999975,18501.12
2023-04-24 09:06:08.078567,4.451904761904762,30.129999999999995,100001.54,65401.449999999975,18501.12
2023-04-24 09:06:56.626007,4.399523809523811,30.46428571428572,100006.90190476188,65401.449999999975,18501.12
2023-04-24 09:07:45.165455,4.3671428571428565,31.02904761904762,100006.94047619047,65401.449999999975,18501.12
2023-04-24 09:08:33.712964,4.352857142857142,31.972380952380945,100010.3338095238,65401.449999999975,18501.12
2023-04-24 09:09:22.260319,4.345238095238094,32.92285714285714,100013.16238095239,65401.449999999975,18501.12
2023-04-24 09:10:10.803726,4.3409523809523805,33.94714285714286,100017.27142857142,65401.449999999975,18501.12
2023-04-24 09:10:59.353168,4.355238095238096,35.09619047619047,100016.84904761905,65401.449999999975,18501.12
2023-04-24 09:11:47.903663,4.378571428571429,36.4047619047619,100023.5519047619,65401.449999999975,18501.12
2023-04-24 09:12:36.453973,4.406190476190478,37.7052380952381,100022.53238095238,65401.449999999975,18501.12
2023-04-24 09:13:25.005501,4.453333333333332,39.13095238095237,100027.86095238096,65401.449999999975,18501.12
2023-04-24 09:14:13.554823,4.502380952380953,40.487142857142864,100031.46333333333,65401.449999999975,18501.12
2023-04-24 09:15:02.104398,4.558095238095238,41.870952380952374,100030.66142857143,65401.449999999975,18501.12
2023-04-24 09:15:50.653759,4.62047619047619,43.1547619047619,100033.63380952382,65401.449999999975,18501.12
2023-04-24 09:16:39.203225,4.684761904761904,44.40857142857143,100039.6057142857,65401.449999999975,18501.12
2023-04-24 09:17:27.753562,4.7542857142857144,45.67809523809523,100044.6638095238,65401.449999999975,18501.12
2023-04-24 09:18:16.305147,4.825714285714286,47.062857142857126,100043.34904761905,65401.449999999975,18501.12
2023-04-24 09:19:04.855436,4.898571428571428,48.48047619047619,100046.97380952381,65401.449999999975,18501.12
2023-04-24 09:19:53.398832,4.976666666666666,49.56666666666666,100050.03333333334,65401.449999999975,18501.12
2023-04-24 09:20:41.940444,5.056666666666667,50.80761904761905,100048.13809523809,65401.449999999975,18501.12
2023-04-24 09:21:31.491713,5.137619047619047,51.87714285714286,100053.31952380952,65401.449999999975,18501.12
2023-04-24 09:22:20.041190,5.218571428571429,52.589999999999996,100050.02952380953,65401.449999999975,18501.12
2023-04-24 09:23:08.585686,5.270952380952382,51.88666666666667,100054.55142857142,65401.449999999975,18501.12
2023-04-24 09:23:57.130002,5.296666666666669,50.29809523809523,100051.92619047618,65401.449999999975,18501.12
2023-04-24 09:24:45.668555,5.287142857142858,48.25809523809523,100055.6076190476,65401.449999999975,18501.12
2023-04-24 09:25:34.201917,5.257142857142856,45.56857142857143,100062.41047619047,65401.449999999975,18501.12
2023-04-24 09:26:22.739418,5.217619047619046,43.35952380952381,100058.49476190475,65401.449999999975,18501.12
2023-04-24 09:27:11.284824,5.163333333333335,41.29238095238095,100059.04190476189,65401.449999999975,18501.12
2023-04-24 09:27:59.827167,5.095238095238095,39.10285714285713,100058.1857142857,65401.449999999975,18501.12
2023-04-24 09:28:48.372676,5.024285714285713,37.192380952380944,100059.67523809525,65401.449999999975,18501.12
2023-04-24 09:29:36.918048,4.941428571428572,35.546666666666674,100061.25857142858,65401.449999999975,18501.12
2023-04-24 09:30:26.471484,4.855238095238096,33.86428571428571,100060.7061904762,65401.449999999975,18501.12
2023-04-24 09:31:15.009142,4.76047619047619,32.47142857142857,100060.82666666666,65401.449999999975,18501.12
2023-04-24 09:32:03.555356,4.672380952380952,31.32523809523809,100061.42380952381,65401.449999999975,18501.12
2023-04-24 09:32:52.100910,4.5914285714285725,30.625714285714285,100061.96857142856,65401.449999999975,18501.12
2023-04-24 09:33:40.638350,4.511904761904761,30.170476190476197,100064.74238095238,65401.449999999975,18501.12
2023-04-24 09:34:29.182729,4.443809523809522,30.109047619047622,100061.97095238096,65401.449999999975,18501.12
2023-04-24 09:35:17.716148,4.394761904761905,30.342857142857145,100058.85476190475,65401.449999999975,18501.12
2023-04-24 09:36:06.253548,4.367142857142857,30.92809523809524,100069.47428571426,65401.449999999975,18501.12
2023-04-24 09:36:54.791988,4.349047619047617,31.822380952380946,100073.13809523809,65401.449999999975,18501.12
2023-04-24 09:37:43.322420,4.3357142857142845,32.79904761904762,100072.52142857142,65401.449999999975,18501.12
2023-04-24 09:38:31.858836,4.344761904761904,33.92619047619048,100077.9176190476,65401.449999999975,18501.12
2023-04-24 09:39:20.392450,4.357619047619047,35.16285714285715,100082.73904761905,65401.449999999975,18501.12
2023-04-24 09:40:08.922789,4.386666666666667,36.49666666666666,100083.08428571427,65401.449999999975,18501.12
2023-04-24 09:40:57.453177,4.420000000000001,37.92571428571428,100088.30047619047,65401.449999999975,18501.12
2023-04-24 09:41:45.983739,4.469523809523809,39.50000000000001,100091.85142857142,65401.449999999975,18501.12
2023-04-24 09:42:34.514145,4.516190476190476,40.85333333333334,100100.70619047616,65401.449999999975,18501.12
2023-04-24 09:43:23.044485,4.578095238095238,42.11238095238095,100102.72428571426,65401.449999999975,18501.12
2023-04-24 09:44:11.575921,4.636190476190476,43.467142857142846,100096.51238095236,65401.449999999975,18501.12
2023-04-24 09:45:00.107367,4.709047619047619,44.87095238095238,100098.09333333334,65401.449999999975,18501.12
2023-04-24 09:45:48.638884,4.779047619047619,46.191428571428574,100098.28619047618,65401.449999999975,18501.12
2023-04-24 09:46:37.171208,4.856190476190475,47.49571428571428,100099.37857142856,65401.449999999975,18501.12
2023-04-24 09:47:25.705635,4.928095238095239,48.73761904761904,100104.61142857143,65401.449999999975,18501.12
2023-04-24 09:48:14.239195,5.001428571428571,49.955238095238094,100109.15761904765,65401.449999999975,18501.12
2023-04-24 09:49:03.775548,5.08952380952381,51.04571428571429,100109.42238095238,65401.449999999975,18501.12
2023-04-24 09:49:52.309088,5.162857142857143,51.88666666666666,100108.65904761902,65401.449999999975,18501.12
2023-04-24 09:50:40.847531,5.209999999999999,51.28666666666667,100109.01285714284,65401.449999999975,18501.12
2023-04-24 09:51:29.384929,5.231904761904762,49.76238095238095,100113.37809523809,65401.449999999975,18501.12
2023-04-24 09:52:17.923337,5.223333333333332,47.45238095238095,100114.80999999998,65401.449999999975,18501.12
2023-04-24 09:53:06.468712,5.196666666666667,45.03428571428571,100117.54238095239,65401.449999999975,18501.12
2023-04-24 09:53:55.004120,5.14857142857143,42.92619047619048,100121.05999999998,65401.449999999975,18501.12
2023-04-24 09:54:43.546559,5.096190476190476,40.81238095238095,100117.33190476189,65401.449999999975,18501.12
2023-04-24 09:55:32.088112,5.023809523809523,38.78047619047619,100118.42666666667,65401.449999999975,18501.12
2023-04-24 09:56:20.625533,4.951904761904761,36.853809523809524,100122.74285714289,65401.449999999975,18501.12
2023-04-24 09:57:10.168893,4.8685714285714266,35.08714285714286,100126.73285714287,65401.449999999975,18501.12
2023-04-24 09:57:58.704326,4.789523809523809,33.64142857142857,100123.92047619048,65401.449999999975,18501.12
2023-04-24 09:58:47.242767,4.7004761904761905,32.51190476190476,100126.11285714286,65401.449999999975,18501.12
2023-04-24 09:59:35.778254,4.619047619047619,31.610952380952376,100129.73952380952,65401.449999999975,18501.12
2023-04-24 10:00:24.316641,4.550476190476192,31.052857142857142,100131.38714285714,65401.449999999975,18501.12
2023-04-24 10:01:12.860139,4.4885714285714275,30.91142857142857,100132.24000000002,65401.449999999975,18501.12
2023-04-24 10:02:01.398638,4.4347619047619045,31.12047619047619,100133.86380952381,65401.449999999975,18501.12
2023-04-24 10:02:49.933130,4.4,31.75238095238095,100133.30047619046,65401.449999999975,18501.12
2023-04-24 10:03:38.468479,4.381904761904762,32.482857142857156,100139.14333333334,65401.449999999975,18501.12
2023-04-24 10:04:27.004032,4.377619047619048,33.539047619047615,100141.83476190476,65401.449999999975,18501.12
2023-04-24 10:05:15.545455,4.388095238095239,34.65238095238095,100137.92619047618,65401.449999999975,18501.12
2023-04-24 10:06:04.085972,4.41047619047619,35.92142857142858,100142.41142857142,65401.449999999975,18501.12
2023-04-24 10:06:52.621458,4.435238095238094,37.222857142857144,100146.94047619047,65401.449999999975,18501.12
2023-04-24 10:07:41.167940,4.476666666666667,38.577619047619045,100151.18523809522,65401.449999999975,18501.12
2023-04-24 10:08:29.709407,4.52809523809524,40.081428571428575,100150.92904761904,65401.449999999975,18501.12
2023-04-24 10:09:18.247927,4.575714285714286,41.47571428571429,100151.77476190476,65401.449999999975,18501.12
2023-04-24 10:10:06.785237,4.631428571428573,42.9252380952381,100154.92047619048,65401.449999999975,18501.12
2023-04-24 10:10:55.329699,4.69,44.213809523809516,100157.36999999998,65401.449999999975,18501.12
2023-04-24 10:11:43.873151,4.761428571428572,45.54095238095238,100159.64285714286,65401.449999999975,18501.12
2023-04-24 10:12:32.419621,4.829047619047619,46.72380952380953,100159.77428571427,65401.449999999975,18501.12
2023-04-24 10:13:20.970140,4.90047619047619,47.89857142857144,100160.16095238095,65401.449999999975,18501.12
2023-04-24 10:14:09.517496,4.975714285714285,49.18523809523809,100161.87809523809,65401.449999999975,18501.12
2023-04-24 10:14:58.059091,5.067142857142857,50.35809523809524,100164.53571428571,65401.449999999975,18501.12
2023-04-24 10:15:47.611343,5.1433333333333335,51.48714285714286,100165.7523809524,65401.449999999975,18501.12
2023-04-24 10:16:36.156808,5.219999999999999,52.17809523809524,100164.47952380954,65401.449999999975,18501.12
2023-04-24 10:17:24.700388,5.281428571428571,51.663809523809526,100171.11476190474,65401.449999999975,18501.12
2023-04-24 10:18:13.240689,5.299523809523811,50.277619047619034,100171.55095238095,65401.449999999975,18501.12
2023-04-24 10:19:01.780150,5.28904761904762,47.94095238095239,100172.06523809524,65401.449999999975,18501.12
2023-04-24 10:19:50.325709,5.26238095238095,45.321904761904754,100176.40238095236,65401.449999999975,18501.12
2023-04-24 10:20:38.869009,5.218571428571427,42.99714285714286,100173.2180952381,65401.449999999975,18501.12
2023-04-24 10:21:27.416642,5.161428571428572,40.7952380952381,100175.52095238095,65401.449999999975,18501.12
2023-04-24 10:22:15.955916,5.087619047619047,38.74476190476191,100176.42904761907,65401.449999999975,18501.12
2023-04-24 10:23:04.500348,5.01095238095238,36.88047619047619,100173.12047619047,65401.449999999975,18501.12
2023-04-24 10:23:53.050752,4.9399999999999995,35.369047619047606,100177.93095238096,65401.449999999975,18501.12
2023-04-24 10:24:42.607279,4.854285714285716,33.8847619047619,100180.03333333334,65401.449999999975,18501.12
2023-04-24 10:25:31.158658,4.763333333333334,32.46952380952381,100182.59571428571,65401.449999999975,18501.12
2023-04-24 10:26:19.704005,4.676190476190477,31.405238095238094,100184.62190476191,65401.449999999975,18501.12
2023-04-24 10:27:08.250488,4.592380952380952,30.5552380952381,100187.49476190475,65401.449999999975,18501.12
2023-04-24 10:27:56.789961,4.523809523809524,30.117619047619048,100188.11285714286,65401.449999999975,18501.12
2023-04-24 10:28:45.335359,4.4557142857142855,30.028095238095244,100188.82476190478,65401.449999999975,18501.12
2023-04-24 10:29:33.885832,4.4,30.291428571428575,100189.67666666667,65401.449999999975,18501.12
2023-04-24 10:30:22.437299,4.364761904761904,30.802380952380954,100193.67714285714,65401.449999999975,18501.12
2023-04-24 10:31:10.988719,4.353809523809523,31.6847619047619,100198.81619047618,65401.449999999975,18501.12
2023-04-24 10:31:59.536108,4.348095238095238,32.71714285714285,100201.36333333333,65401.449999999975,18501.12
2023-04-24 10:32:48.085527,4.353809523809523,33.839999999999996,100201.72047619047,65401.449999999975,18501.12
2023-04-24 10:33:36.636974,4.367142857142857,35.16380952380953,100206.45571428571,65401.449999999975,18501.12
2023-04-24 10:34:25.185574,4.39095238095238,36.44333333333333,100208.86666666667,65401.449999999975,18501.12
2023-04-24 10:35:13.729869,4.431904761904762,37.789523809523814,100207.2442857143,65401.449999999975,18501.12
2023-04-24 10:36:02.281314,4.485714285714286,39.242380952380955,100208.76333333332,65401.449999999975,18501.12
2023-04-24 10:36:50.829792,4.5323809523809535,40.81571428571429,100208.65714285713,65401.449999999975,18501.12
2023-04-24 10:37:39.377053,4.59,42.11333333333334,100212.03285714285,65401.449999999975,18501.12
2023-04-24 10:38:27.922422,4.650952380952382,43.34428571428572,100212.8314285714,65401.449999999975,18501.12
2023-04-24 10:39:16.472836,4.729523809523809,44.626666666666665,100214.73904761905,65401.449999999975,18501.12
2023-04-24 10:40:05.023248,4.825238095238095,47.93095238095238,100215.7257142857,59830.34,16925.13333333333
2023-04-24 10:40:53.573594,5.846190476190476,74.51333333333334,100225.59952380949,62236.158571428554,17605.70476190476
2023-04-24 10:41:43.120038,6.730952380952381,74.77761904761904,100225.34142857145,65401.449999999975,18501.12
2023-04-24 10:42:31.667382,6.963809523809523,71.41809523809523,100226.88285714283,65401.449999999975,18501.12
2023-04-24 10:43:20.211990,6.974285714285715,68.02333333333333,100226.33952380954,65401.449999999975,18501.12
2023-04-24 10:44:08.758252,6.887619047619048,64.78904761904762,100227.68238095236,65401.449999999975,18501.12
2023-04-24 10:44:57.304804,6.751428571428569,60.93952380952381,100226.07857142857,65401.449999999975,18501.12
2023-04-24 10:45:45.855669,6.586666666666666,57.62666666666666,100227.5961904762,65401.449999999975,18501.12
2023-04-24 10:46:34.405446,6.427619047619048,54.213333333333324,100226.47952380954,65401.449999999975,18501.12
2023-04-24 10:47:22.953766,6.267142857142858,51.317619047619054,100230.03333333333,65401.449999999975,18501.12
2023-04-24 10:48:11.502366,6.107142857142856,48.56238095238095,100228.03952380951,65401.449999999975,18501.12
2023-04-24 10:49:00.051858,5.958095238095238,45.747142857142855,100227.77095238098,65401.449999999975,18501.12
2023-04-24 10:49:48.602130,5.816666666666667,43.159523809523805,100230.15190476191,65401.449999999975,18501.12
2023-04-24 10:50:37.153617,5.665714285714286,40.853809523809524,100225.70333333334,65401.449999999975,18501.12
2023-04-24 10:51:25.698055,5.5252380952380955,38.61,100228.4195238095,65401.449999999975,18501.12
2023-04-24 10:52:14.248436,5.395238095238095,36.69238095238095,100228.60952380951,65401.449999999975,18501.12
2023-04-24 10:53:02.799812,5.260476190476189,35.001904761904754,100230.3795238095,65401.449999999975,18501.12
2023-04-24 10:53:51.350204,5.129047619047618,33.42761904761904,100235.38142857145,65401.449999999975,18501.12
2023-04-24 10:54:39.901676,5.0,31.965238095238096,100231.33904761905,65401.449999999975,18501.12
2023-04-24 10:55:28.452124,4.8690476190476195,30.738095238095237,100230.26761904762,65401.449999999975,18501.12
2023-04-24 10:56:18.008484,4.743809523809524,29.563333333333336,100228.02428571427,65401.449999999975,18501.12
2023-04-24 10:57:06.559909,4.620000000000001,28.560952380952376,100230.48047619047,65401.449999999975,18501.12
2023-04-24 10:57:55.110324,4.5023809523809515,27.78,100235.36904761905,65401.449999999975,18501.12
2023-04-24 10:58:43.661739,4.392857142857143,27.31761904761905,100234.44238095236,65401.449999999975,18501.12
2023-04-24 10:59:32.212240,4.293809523809525,27.154285714285713,100234.30809523808,65401.449999999975,18501.12
2023-04-24 11:00:20.763738,4.210476190476191,27.214285714285708,100234.08333333333,65401.449999999975,18501.12
2023-04-24 11:01:09.315007,4.144285714285714,27.545238095238098,100236.42857142857,65401.449999999975,18501.12
2023-04-24 11:01:57.866565,4.0966666666666685,28.17142857142857,100237.66380952383,65401.449999999975,18501.12
2023-04-24 11:02:46.417884,4.064761904761904,29.09666666666667,100237.25095238096,65401.449999999975,18501.12
2023-04-24 11:03:34.969350,4.042380952380952,30.132857142857137,100239.00380952381,65401.449999999975,18501.12
2023-04-24 11:04:23.518716,4.031904761904761,31.394761904761904,100237.02333333335,65401.449999999975,18501.12
2023-04-24 11:05:12.070360,4.046190476190476,32.72619047619048,100242.84809523809,65401.449999999975,18501.12
2023-04-24 11:06:00.619581,4.055714285714285,34.11095238095238,100244.23523809524,65401.449999999975,18501.12
2023-04-24 11:06:49.165050,4.084761904761906,35.58095238095239,100244.18095238096,65401.449999999975,18501.12
2023-04-24 11:07:37.702441,4.1204761904761895,37.002380952380946,100247.15285714285,65401.449999999975,18501.12
2023-04-24 11:08:26.245861,4.164761904761905,38.530952380952385,100248.05999999998,65401.449999999975,18501.12
2023-04-24 11:09:14.793472,4.22047619047619,40.156190476190474,100247.31714285712,65401.449999999975,18501.12
2023-04-24 11:10:03.339873,4.281904761904762,41.54761904761905,100250.77476190476,65401.449999999975,18501.12
2023-04-24 11:10:51.882269,4.351904761904763,43.01571428571429,100250.86952380954,65401.449999999975,18501.12
2023-04-24 11:11:40.421937,4.416190476190476,44.41809523809523,100255.6319047619,65401.449999999975,18501.12
2023-04-24 11:12:28.968207,4.490476190476191,45.731904761904765,100255.46047619048,65401.449999999975,18501.12
2023-04-24 11:13:17.509646,4.57095238095238,47.05666666666667,100256.75714285715,65401.449999999975,18501.12
2023-04-24 11:14:06.054093,4.65142857142857,48.24,100256.27380952379,65401.449999999975,18501.12
2023-04-24 11:14:54.604580,4.73952380952381,49.86619047619047,100255.66095238095,65401.449999999975,18501.12
2023-04-24 11:15:43.155065,4.825238095238096,50.97238095238096,100255.84238095238,65401.449999999975,18501.12
2023-04-24 11:16:31.705488,4.904285714285715,52.08047619047619,100258.30476190476,65401.449999999975,18501.12
2023-04-24 11:17:20.255056,4.996666666666666,53.34095238095239,100258.35809523807,65401.449999999975,18501.12
2023-04-24 11:18:08.800450,5.088571428571429,54.39476190476189,100258.6019047619,65401.449999999975,18501.12
2023-04-24 11:18:58.354963,5.170476190476189,55.30428571428571,100266.11904761905,65401.449999999975,18501.12
2023-04-24 11:19:46.902411,5.257619047619049,55.870476190476175,100266.46238095238,65401.449999999975,18501.12
2023-04-24 11:20:35.448794,5.317619047619049,55.102380952380955,100264.66476190474,65401.449999999975,18501.12
2023-04-24 11:21:23.988259,5.344761904761904,53.3204761904762,100266.19666666666,65401.449999999975,18501.12
2023-04-24 11:22:12.529086,5.33952380952381,50.72142857142857,100265.95047619045,65401.449999999975,18501.12
2023-04-24 11:23:01.071431,5.305238095238097,47.977619047619044,100264.19142857143,65401.449999999975,18501.12
2023-04-24 11:23:49.606559,5.265714285714284,45.28571428571428,100263.04857142855,65401.449999999975,18501.12
2023-04-24 11:24:38.149216,5.19952380952381,42.83238095238096,100261.80999999998,65401.449999999975,18501.12
2023-04-24 11:25:26.689478,5.133333333333333,40.504285714285714,100267.82523809525,65401.449999999975,18501.12
2023-04-24 11:26:15.223020,5.053809523809524,38.512380952380965,100269.23523809524,65401.449999999975,18501.12
2023-04-24 11:27:03.767555,4.977619047619048,36.614285714285714,100269.96476190475,65401.449999999975,18501.12
2023-04-24 11:27:53.317909,4.899523809523809,35.05428571428571,100268.14619047618,65401.449999999975,18501.12
2023-04-24 11:28:41.867229,4.808095238095238,33.49761904761905,100269.63666666667,65401.449999999975,18501.12
2023-04-24 11:29:30.417673,4.714761904761905,32.43190476190476,100267.93952380955,65401.449999999975,18501.12
2023-04-24 11:30:18.968166,4.639523809523809,31.549047619047624,100266.57190476192,65401.449999999975,18501.12
2023-04-24 11:31:07.517628,4.56761904761905,30.96380952380952,100270.93142857144,65401.449999999975,18501.12
2023-04-24 11:31:56.065933,4.5023809523809515,30.734285714285708,100272.83761904761,65401.449999999975,18501.12
2023-04-24 11:32:44.615482,4.442857142857143,30.90761904761905,100278.6861904762,65401.449999999975,18501.12
2023-04-24 11:33:33.165794,4.412857142857142,31.506190476190483,100281.41047619047,65401.449999999975,18501.12
2023-04-24 11:34:21.714381,4.393809523809525,32.257619047619045,100280.19714285716,65401.449999999975,18501.12
2023-04-24 11:35:10.260682,4.382380952380953,33.23619047619048,100282.54619047618,65401.449999999975,18501.12
2023-04-24 11:35:58.803067,4.394285714285715,34.39666666666667,100283.74476190475,65401.449999999975,18501.12
2023-04-24 11:36:47.347544,4.398571428571429,35.612857142857145,100292.41428571427,65401.449999999975,18501.12
2023-04-24 11:37:35.888934,4.430476190476189,36.87904761904762,100286.86904761905,65401.449999999975,18501.12
2023-04-24 11:38:24.434330,4.473809523809523,38.29571428571429,100284.57190476189,65401.449999999975,18501.12
2023-04-24 11:39:12.976780,4.522857142857144,39.77666666666666,100280.2038095238,65401.449999999975,18501.12
2023-04-24 11:40:01.515296,4.57095238095238,41.110476190476184,100285.4357142857,65401.449999999975,18501.12
