time,temperature,humidity,pressure,Live_Irms,Irms
2023-05-16 11:08:45.405749,21.259047619047617,36.972380952380966,101979.69619047617,6.846190476190476,5.852857142857142
2023-05-16 11:08:57.146670,21.27047619047619,36.95142857142857,101982.60333333335,6.8342857142857145,6.128571428571428
2023-05-16 11:09:08.886896,21.269523809523804,36.932857142857145,101982.11952380951,6.866666666666667,6.340476190476191
2023-05-16 11:09:20.629316,21.275714285714283,36.87285714285715,101980.92952380952,6.8447619047619055,5.8338095238095224
2023-05-16 11:09:32.372168,21.266666666666662,36.801428571428566,101981.56523809524,6.924761904761904,5.825714285714286
2023-05-16 11:09:44.118613,21.264285714285712,36.832380952380966,101978.10523809522,6.867142857142857,6.095238095238097
2023-05-16 11:09:55.859164,21.260952380952382,36.88047619047619,101978.85333333335,6.894285714285714,6.285238095238094
2023-05-16 11:10:07.604075,21.25761904761905,36.874761904761904,101978.32666666669,6.8928571428571415,6.00857142857143
2023-05-16 11:10:19.347178,21.25142857142857,36.88428571428571,101981.77428571427,6.876190476190477,6.206666666666665
2023-05-16 11:10:31.085890,21.25095238095238,36.88095238095237,101979.40714285716,6.8742857142857146,5.861428571428572
2023-05-16 11:10:42.828098,21.249999999999996,36.878571428571426,101980.02476190476,6.824761904761903,5.934285714285715
2023-05-16 11:10:54.572706,21.250000000000004,36.88380952380952,101981.37809523809,6.870000000000002,6.105238095238096
2023-05-16 11:11:06.314525,21.243333333333332,36.87619047619047,101981.51238095236,6.879523809523808,5.865714285714286
2023-05-16 11:11:18.059873,21.233809523809526,36.890476190476186,101980.92761904764,6.813809523809523,6.2490476190476185
2023-05-16 11:11:29.806421,21.224761904761905,36.919999999999995,101984.1361904762,6.870952380952379,5.849523809523809
2023-05-16 11:11:41.562686,21.217619047619046,36.9295238095238,101986.80047619047,6.825714285714286,6.280952380952381
2023-05-16 11:11:53.307678,21.214285714285715,36.93714285714285,101982.97666666665,6.814761904761904,5.880000000000001
2023-05-16 11:12:05.091016,21.203809523809518,36.94523809523809,101983.1961904762,6.88952380952381,5.969523809523809
2023-05-16 11:12:16.808751,21.195238095238093,36.969523809523814,101979.79523809522,6.867619047619046,6.300000000000001
2023-05-16 11:12:28.563247,21.192380952380955,36.99285714285714,101984.82523809522,6.837142857142858,6.180476190476189
2023-05-16 11:12:40.321393,21.18857142857143,37.016190476190474,101986.69761904764,6.8357142857142845,6.172857142857144
2023-05-16 11:12:52.064664,21.187619047619048,37.03904761904761,101985.26666666665,6.829999999999999,6.124761904761905
2023-05-16 11:13:03.807822,21.182380952380953,37.04904761904763,101984.65857142858,6.85952380952381,6.188571428571429
2023-05-16 11:13:15.551854,21.182380952380953,37.075238095238106,101986.03904761904,6.829999999999999,6.057142857142857
2023-05-16 11:13:27.295979,21.179047619047623,37.12809523809524,101987.81857142856,6.858095238095238,6.346666666666667
2023-05-16 11:13:39.038774,21.184285714285714,37.13380952380952,101987.94714285716,6.855238095238096,6.049999999999999
2023-05-16 11:13:50.783674,21.175238095238097,37.13333333333333,101993.14047619046,6.8204761904761915,6.08952380952381
2023-05-16 11:14:02.529103,21.170000000000005,37.16952380952381,101991.4857142857,6.804285714285713,6.2280952380952375
2023-05-16 11:14:14.286051,21.1652380952381,37.18380952380952,101994.94285714287,6.853809523809524,6.152380952380954
2023-05-16 11:14:26.048641,21.151428571428568,37.155714285714275,101989.34476190477,6.82095238095238,6.06
2023-05-16 11:14:37.801270,21.14523809523809,37.1595238095238,101988.13666666667,6.825714285714286,6.176666666666667
2023-05-16 11:14:49.530469,21.145714285714277,37.166666666666664,101987.22952380951,6.847142857142855,6.350476190476191
2023-05-16 11:15:01.260832,21.13428571428571,37.13666666666667,101984.7476190476,6.807619047619048,6.132380952380952
2023-05-16 11:15:12.984399,21.128095238095238,37.1342857142857,101985.98761904764,6.801428571428572,6.091904761904762
2023-05-16 11:15:24.743133,21.124761904761904,37.16857142857142,101985.36571428573,6.865238095238096,6.15095238095238
2023-05-16 11:15:36.492982,21.11285714285715,37.154285714285706,101984.05904761904,6.813809523809524,6.132857142857143
2023-05-16 11:15:48.243346,21.103809523809524,37.16428571428571,101983.22,6.850000000000001,5.933809523809523
2023-05-16 11:15:59.980253,21.099523809523806,37.1595238095238,101984.53142857144,6.8795238095238105,6.035238095238095
2023-05-16 11:16:11.710007,21.089999999999996,37.15142857142856,101986.69952380953,6.8199999999999985,6.03142857142857
2023-05-16 11:16:23.445979,21.08428571428571,37.164761904761896,101991.68857142855,6.825238095238096,5.942380952380953
2023-05-16 11:16:35.177665,21.085714285714282,37.141904761904755,101987.08095238094,6.826666666666667,5.970476190476192
2023-05-16 11:16:46.935127,21.071428571428566,37.121904761904766,101985.04952380955,6.806190476190476,6.113333333333333
2023-05-16 11:16:58.674449,21.07047619047619,37.15523809523808,101987.43476190476,6.867142857142857,5.766666666666667
2023-05-16 11:17:10.414531,21.065714285714282,37.20285714285714,101984.9461904762,6.825238095238094,5.942857142857143
2023-05-16 11:17:22.152932,21.062380952380952,37.2157142857143,101986.5661904762,6.830952380952381,5.774285714285715
2023-05-16 11:17:33.897323,21.060952380952383,37.231904761904765,101988.00333333333,6.852380952380953,5.825238095238095
2023-05-16 11:17:45.640265,21.05904761904762,37.22333333333334,101993.24666666666,6.819523809523808,6.250476190476191
2023-05-16 11:17:57.389472,21.069999999999997,37.21,101987.31285714285,6.810952380952381,5.827142857142857
2023-05-16 11:18:09.130075,21.066666666666666,37.15857142857143,101989.57238095236,6.8723809523809525,6.130476190476191
2023-05-16 11:18:20.870761,21.07380952380952,37.13,101987.98571428572,6.854285714285714,5.916190476190475
2023-05-16 11:18:32.613216,21.076190476190476,37.10571428571429,101988.30714285713,6.837142857142856,6.2542857142857144
2023-05-16 11:18:44.356028,21.086666666666666,37.098095238095254,101986.34809523808,6.785714285714287,5.891428571428572
2023-05-16 11:18:56.098963,21.083333333333332,37.080476190476205,101985.28285714285,6.805714285714285,6.131904761904762
2023-05-16 11:19:07.842174,21.087619047619047,37.076666666666675,101983.83761904761,6.816666666666667,6.166666666666667
2023-05-16 11:19:19.585306,21.086190476190474,37.080000000000005,101983.74952380953,6.846666666666667,5.848571428571429
2023-05-16 11:19:31.335362,21.079999999999995,37.0904761904762,101985.4119047619,6.852857142857142,5.968095238095238
2023-05-16 11:19:43.078562,21.08952380952381,37.12285714285714,101984.51047619047,6.807619047619048,6.104761904761904
2023-05-16 11:19:54.823685,21.10380952380953,37.13047619047619,101984.46952380952,6.846190476190476,6.138571428571429
2023-05-16 11:20:06.578561,21.11619047619048,37.1052380952381,101990.53238095237,6.818095238095238,6.20857142857143
2023-05-16 11:20:18.332756,21.132380952380952,37.083809523809535,101983.00999999998,6.804285714285713,6.072380952380953
2023-05-16 11:20:30.087851,21.146190476190473,37.05,101983.64285714286,6.833809523809525,6.017142857142858
2023-05-16 11:20:41.835211,21.151904761904763,36.994285714285716,101987.87761904762,6.82142857142857,6.126190476190477
2023-05-16 11:20:53.577199,21.163333333333338,36.971904761904774,101982.40761904762,6.784285714285714,5.833809523809525
2023-05-16 11:21:05.321682,21.16619047619048,36.94666666666665,101979.86476190477,6.787142857142856,6.047619047619048
2023-05-16 11:21:17.065741,21.16285714285715,36.94333333333333,101981.86,6.854761904761904,6.119523809523811
2023-05-16 11:21:28.811881,21.161428571428576,36.95190476190477,101983.95523809524,6.783809523809525,6.035238095238095
2023-05-16 11:21:40.559079,21.160476190476196,36.97714285714286,101983.63952380953,6.793333333333333,5.915238095238094
2023-05-16 11:21:52.318728,21.17,36.98619047619049,101978.89380952381,6.849523809523809,6.044761904761905
2023-05-16 11:22:04.072745,21.178571428571427,36.96380952380952,101978.3876190476,6.811428571428571,6.0633333333333335
2023-05-16 11:22:15.825010,21.193333333333335,36.912857142857135,101978.98285714284,6.802380952380953,5.961428571428571
2023-05-16 11:22:27.571820,21.197619047619046,36.883809523809525,101978.68476190476,6.791904761904763,5.978095238095239
2023-05-16 11:22:39.304096,21.199047619047622,36.84761904761905,101977.89,6.8028571428571425,6.092857142857143
2023-05-16 11:22:51.036141,21.202380952380945,36.84095238095239,101977.86714285717,6.830000000000002,6.016190476190475
2023-05-16 11:23:02.771198,21.20857142857143,36.83857142857143,101978.45380952382,6.783333333333334,5.922380952380952
2023-05-16 11:23:14.523079,21.210476190476193,36.8204761904762,101983.33047619047,6.828095238095239,6.014285714285714
2023-05-16 11:23:26.284135,21.206666666666663,36.83666666666668,101978.72619047618,6.805238095238095,6.124285714285716
2023-05-16 11:23:38.036186,21.20380952380952,36.80857142857142,101979.14904761904,6.851428571428571,6.085714285714286
2023-05-16 11:23:49.787419,21.196190476190473,36.78666666666667,101978.54476190476,6.826666666666666,6.01047619047619
2023-05-16 11:24:01.512954,21.19904761904762,36.787142857142854,101977.77095238093,6.8480952380952385,6.285714285714287
2023-05-16 11:24:13.239101,21.196666666666665,36.80333333333334,101978.65476190476,6.783809523809524,6.080952380952381
2023-05-16 11:24:24.969312,21.197619047619046,36.822857142857146,101969.60142857142,6.793809523809523,5.982380952380952
2023-05-16 11:24:36.709395,21.199523809523807,36.801428571428566,101972.42714285715,6.794761904761903,5.974285714285714
2023-05-16 11:24:48.451259,21.195238095238096,36.81666666666667,101973.78619047618,6.808095238095238,6.003809523809524
2023-05-16 11:25:00.192732,21.198571428571427,36.83714285714287,101976.23761904765,6.773333333333333,6.222857142857144
2023-05-16 11:25:11.934287,21.19047619047619,36.79666666666666,101978.5057142857,6.800000000000001,6.146666666666666
2023-05-16 11:25:23.677806,21.192857142857143,36.814285714285724,101977.77904761906,6.794761904761905,5.938095238095237
2023-05-16 11:25:35.420639,21.198571428571427,36.82809523809525,101977.16904761906,6.807619047619048,6.130476190476189
2023-05-16 11:25:47.168796,21.193333333333335,36.83190476190477,101975.75000000003,6.781904761904761,6.114285714285713
2023-05-16 11:25:58.908850,21.20238095238095,36.79095238095237,101973.65476190478,6.776190476190475,6.11142857142857
2023-05-16 11:26:10.649659,21.203809523809525,36.78238095238095,101975.73333333331,6.811428571428572,6.053809523809523
2023-05-16 11:26:22.391827,21.213333333333335,36.776190476190465,101977.09285714284,6.788095238095237,6.291428571428572
2023-05-16 11:26:34.135078,21.218095238095245,36.79047619047618,101982.40095238097,6.782857142857143,6.182857142857143
2023-05-16 11:26:45.894164,21.22238095238096,36.75666666666666,101978.71238095236,6.809523809523807,6.001904761904764
2023-05-16 11:26:57.635957,21.223333333333333,36.762380952380944,101980.06571428571,6.828095238095239,5.777142857142856
2023-05-16 11:27:09.381774,21.2252380952381,36.860476190476184,101980.30095238095,6.807142857142857,6.107142857142856
2023-05-16 11:27:21.125079,21.232857142857142,36.87619047619047,101981.42571428571,6.7771428571428585,6.047142857142856
2023-05-16 11:27:32.868194,21.232857142857146,36.84142857142858,101982.37190476191,6.794285714285716,6.016666666666667
2023-05-16 11:27:44.613557,21.235714285714288,36.82476190476192,101978.88428571427,6.813809523809524,5.817619047619048
2023-05-16 11:27:56.371509,21.240952380952383,36.80666666666666,101979.98619047616,6.78904761904762,5.947619047619047
2023-05-16 11:28:08.131671,21.25,36.75,101981.39142857141,6.840000000000001,6.186666666666666
2023-05-16 11:28:19.894968,21.24619047619048,36.727142857142866,101975.15428571429,6.76857142857143,6.322380952380953
2023-05-16 11:28:31.647830,21.247142857142858,36.705714285714286,101977.69952380953,6.779523809523808,5.9228571428571435
2023-05-16 11:28:43.390161,21.246666666666663,36.691428571428574,101981.17428571427,6.821428571428571,6.227142857142858
2023-05-16 11:28:55.134178,21.24619047619048,36.78142857142857,101983.58380952381,6.77904761904762,6.232857142857142
2023-05-16 11:29:06.877154,21.243809523809524,36.840476190476195,101989.80904761904,6.81904761904762,5.8914285714285715
2023-05-16 11:29:18.622934,21.23619047619048,36.86000000000001,101984.92809523808,6.805238095238095,6.082857142857144
2023-05-16 11:29:30.368970,21.22952380952382,36.830476190476205,101984.67333333331,6.790952380952381,5.961904761904762
2023-05-16 11:29:42.111333,21.230476190476196,36.81952380952381,101982.97619047618,6.762857142857143,5.905238095238096
2023-05-16 11:29:53.870509,21.230476190476196,36.83714285714287,101987.25952380951,6.825238095238097,5.972380952380952
2023-05-16 11:30:05.631002,21.226190476190474,36.83714285714285,101984.19904761905,6.8100000000000005,5.674285714285714
2023-05-16 11:30:17.386800,21.230476190476196,36.81714285714286,101983.46523809522,6.756666666666665,6.176666666666667
2023-05-16 11:30:29.128538,21.22761904761905,36.78619047619048,101981.25571428573,6.808095238095237,6.036190476190476
2023-05-16 11:30:40.857894,21.22761904761905,36.742380952380955,101981.47999999998,6.784761904761903,5.74952380952381
2023-05-16 11:30:52.583725,21.225714285714293,36.722380952380966,101982.53619047618,6.811904761904763,5.90095238095238
2023-05-16 11:31:04.318729,21.227142857142862,36.68190476190476,101983.38333333335,6.805714285714283,6.194761904761905
2023-05-16 11:31:16.076862,21.233809523809526,36.65333333333333,101988.85761904763,6.7990476190476175,6.18047619047619
2023-05-16 11:31:27.838893,21.23,36.637142857142855,101985.60761904763,6.797142857142857,6.03952380952381
2023-05-16 11:31:39.599637,21.230952380952388,36.615238095238105,101982.11571428573,6.816190476190475,6.006666666666668
2023-05-16 11:31:51.350826,21.22619047619048,36.61,101983.64619047618,6.830952380952381,5.909523809523811
2023-05-16 11:32:03.078710,21.229523809523812,36.57999999999999,101987.07714285715,6.791904761904762,5.906190476190476
2023-05-16 11:32:14.810531,21.229523809523815,36.55333333333333,101983.88952380953,6.7923809523809515,6.2680952380952375
2023-05-16 11:32:26.543476,21.22,36.55095238095239,101978.29428571429,6.792857142857142,5.8480952380952385
2023-05-16 11:32:38.283692,21.217142857142854,36.62571428571428,101980.22952380951,6.814285714285715,6.129047619047619
2023-05-16 11:32:50.024911,21.209999999999997,36.60428571428573,101978.63047619046,6.808095238095237,5.965238095238097
2023-05-16 11:33:01.768367,21.2,36.533333333333324,101977.71142857142,6.775238095238096,6.353333333333334
2023-05-16 11:33:13.511811,21.191428571428574,36.524761904761895,101978.42238095238,6.816666666666667,5.798571428571429
2023-05-16 11:33:25.254671,21.188095238095237,36.52571428571429,101978.76809523809,6.781428571428573,5.970000000000001
2023-05-16 11:33:36.999238,21.19,36.54,101978.85380952382,6.7719047619047625,5.963809523809523
2023-05-16 11:33:48.744985,21.176190476190477,36.55952380952381,101977.52476190476,6.765238095238097,6.183809523809523
2023-05-16 11:34:00.487408,21.17952380952381,36.53476190476189,101979.0252380952,6.760952380952382,6.18095238095238
2023-05-16 11:34:12.227985,21.171428571428574,36.523333333333326,101978.9819047619,6.7680952380952375,6.093333333333333
2023-05-16 11:34:23.968295,21.16904761904762,36.50190476190476,101977.95190476191,6.75952380952381,6.119523809523809
2023-05-16 11:34:35.713206,21.17238095238096,36.49190476190477,101981.85333333333,6.763809523809523,6.041904761904763
2023-05-16 11:34:47.456619,21.166666666666675,36.476666666666674,101985.25142857144,6.7680952380952375,5.9090476190476195
2023-05-16 11:34:59.201509,21.15904761904762,36.46,101977.53238095238,6.732857142857144,6.0304761904761905
2023-05-16 11:35:10.946718,21.157619047619054,36.45333333333334,101977.18142857144,6.772380952380954,5.655238095238095
2023-05-16 11:35:22.689567,21.162857142857153,36.47380952380953,101976.28285714285,6.781428571428571,6.151428571428572
2023-05-16 11:35:34.437697,21.166666666666675,36.483333333333334,101975.85333333333,6.791428571428572,5.8000000000000025
2023-05-16 11:35:46.185876,21.162857142857142,36.46571428571429,101980.4461904762,6.760000000000001,6.173809523809524
2023-05-16 11:35:57.941965,21.167619047619052,36.45095238095238,101982.29809523809,6.735714285714285,5.778095238095237
2023-05-16 11:36:09.701919,21.168095238095244,36.48142857142858,101981.59285714284,6.798571428571429,6.101904761904761
2023-05-16 11:36:21.459831,21.17333333333334,36.49333333333334,101979.49476190475,6.804285714285713,6.199523809523809
2023-05-16 11:36:33.204506,21.175238095238097,36.49571428571429,101982.97904761907,6.811428571428571,6.227619047619048
2023-05-16 11:36:44.947630,21.17666666666667,36.462380952380954,101982.98285714287,6.821428571428571,5.95
2023-05-16 11:36:56.704528,21.18,36.44714285714285,101984.12238095235,6.786190476190477,6.019047619047617
2023-05-16 11:37:08.449630,21.17619047619048,36.441428571428574,101984.11904761905,6.802380952380952,6.225238095238095
2023-05-16 11:37:20.193912,21.184285714285718,36.42904761904761,101983.23476190477,6.765714285714286,6.328095238095237
2023-05-16 11:37:31.936746,21.185238095238095,36.459523809523816,101981.51476190476,6.824285714285715,6.038571428571428
2023-05-16 11:37:43.683893,21.187142857142856,36.516666666666666,101982.52333333335,6.81952380952381,6.1623809523809525
2023-05-16 11:37:55.444976,21.191904761904762,36.51380952380952,101981.01999999999,6.807142857142857,6.223333333333332
2023-05-16 11:38:07.205050,21.18666666666667,36.54619047619048,101983.5,6.806666666666667,6.276190476190477
2023-05-16 11:38:18.959976,21.18714285714286,36.57238095238095,101986.04428571429,6.782857142857141,5.831428571428571
2023-05-16 11:38:30.689058,21.186666666666667,36.73809523809524,101990.76619047618,6.807142857142857,6.059523809523809
2023-05-16 11:38:42.422931,21.187619047619048,36.88571428571427,101981.38142857142,6.824761904761904,5.845238095238098
2023-05-16 11:38:54.149269,21.18904761904762,36.99142857142857,101983.15428571429,6.801904761904764,6.0928571428571425
2023-05-16 11:39:05.902252,21.199047619047615,36.982857142857156,101988.88714285714,6.7976190476190474,6.197142857142857
2023-05-16 11:39:17.654985,21.200476190476184,36.97761904761905,101988.49666666667,6.825714285714286,6.238571428571428
2023-05-16 11:39:29.406161,21.20333333333333,37.02761904761904,101987.1076190476,6.815238095238094,6.0842857142857145
2023-05-16 11:39:41.206449,21.216666666666676,36.994285714285716,101985.87428571431,6.812857142857144,5.781428571428573
2023-05-16 11:39:52.939345,21.2252380952381,36.863809523809515,101987.26428571428,6.811904761904763,6.276190476190477
2023-05-16 11:40:04.674280,21.23619047619048,36.67333333333332,101995.90476190476,6.783333333333333,5.9504761904761905
2023-05-16 11:40:16.406600,21.24809523809524,36.65190476190475,101994.43714285715,6.852380952380951,6.251904761904763
2023-05-16 11:40:28.145070,21.25333333333333,36.68619047619048,101989.94571428573,6.801904761904762,6.2057142857142855
2023-05-16 11:40:39.885603,21.258095238095237,36.733333333333334,101990.4414285714,6.798095238095239,5.990000000000001
2023-05-16 11:40:51.627634,21.263333333333332,36.81857142857143,101992.14476190477,6.809523809523809,5.86047619047619
2023-05-16 11:41:03.368810,21.256190476190476,36.77428571428571,101995.0519047619,6.790476190476191,6.097142857142858
2023-05-16 11:41:15.113932,21.257142857142856,36.80666666666667,101993.09238095238,6.774761904761905,6.256666666666666
2023-05-16 11:41:26.856991,21.256666666666664,36.91571428571429,101996.9819047619,6.812380952380953,6.117619047619048
2023-05-16 11:41:38.604411,21.250952380952377,36.94190476190475,101994.83285714284,6.800952380952382,5.938095238095239
2023-05-16 11:41:50.346611,21.25523809523809,36.867142857142866,101995.85904761907,6.812380952380953,6.129999999999998
2023-05-16 11:42:02.101553,21.25,36.8447619047619,101994.53380952381,6.777619047619047,6.191904761904762
2023-05-16 11:42:13.844407,21.23619047619048,36.81761904761905,101994.92476190475,6.7785714285714285,6.07047619047619
2023-05-16 11:42:25.587024,21.24666666666667,36.79142857142857,101995.83285714287,6.812857142857142,6.024285714285715
2023-05-16 11:42:37.330042,21.238571428571433,36.8452380952381,101993.53619047618,6.783333333333334,6.131428571428573
2023-05-16 11:42:49.074136,21.238571428571433,36.84523809523811,101994.24952380951,6.824761904761906,6.148095238095239
2023-05-16 11:43:00.818374,21.245238095238093,36.831428571428575,101999.31095238097,6.79047619047619,6.161428571428571
2023-05-16 11:43:12.562355,21.25571428571428,36.79333333333333,101997.83047619047,6.7909523809523815,6.230476190476191
2023-05-16 11:43:24.308332,21.257142857142856,36.78095238095238,101992.76476190476,6.824761904761904,6.282380952380953
2023-05-16 11:43:36.056650,21.25095238095238,36.69428571428572,101994.7523809524,6.79904761904762,5.8999999999999995
2023-05-16 11:43:47.814734,21.25714285714286,36.67142857142856,101989.47095238094,6.816190476190477,5.78047619047619
2023-05-16 11:43:59.572855,21.25190476190476,36.66285714285714,101989.70904761905,6.800476190476191,6.265238095238095
2023-05-16 11:44:11.326669,21.246666666666666,36.664285714285704,101991.81000000001,6.807619047619048,6.1204761904761895
2023-05-16 11:44:23.076011,21.237619047619052,36.63904761904762,101995.06333333331,6.799999999999999,6.136666666666667
2023-05-16 11:44:34.819389,21.2352380952381,36.617619047619044,101995.05904761906,6.790476190476191,6.0442857142857145
2023-05-16 11:44:46.562415,21.233809523809526,36.62904761904761,101994.53285714288,6.811428571428571,6.18
2023-05-16 11:44:58.309451,21.225238095238097,36.60761904761906,101996.9480952381,6.829999999999999,6.1085714285714285
2023-05-16 11:45:10.058413,21.225714285714286,36.59333333333335,101993.13714285714,6.832380952380953,5.867619047619046
2023-05-16 11:45:21.808026,21.213809523809523,36.60142857142858,101991.39809523811,6.8414285714285725,6.193809523809524
2023-05-16 11:45:33.554669,21.21428571428571,36.660952380952374,101996.33857142858,6.78142857142857,5.87190476190476
2023-05-16 11:45:45.329612,21.21095238095238,36.70142857142857,101990.55285714287,6.804285714285713,5.972380952380952
2023-05-16 11:45:57.072669,21.20333333333333,36.69190476190476,101988.03952380951,6.774285714285715,5.979047619047619
2023-05-16 11:46:08.830744,21.20428571428571,36.65285714285714,101989.84857142859,6.81,6.2319047619047625
2023-05-16 11:46:20.567713,21.193809523809524,36.6295238095238,101993.4519047619,6.747142857142857,6.030952380952383
2023-05-16 11:46:32.303069,21.192380952380955,36.63095238095238,101996.77047619046,6.784285714285716,5.987619047619046
2023-05-16 11:46:44.040759,21.193333333333335,36.65523809523808,101987.6342857143,6.7647619047619045,6.112857142857143
2023-05-16 11:46:55.792834,21.185714285714287,36.624761904761904,101983.87857142856,6.752857142857142,5.949523809523809
2023-05-16 11:47:07.568104,21.17619047619048,36.58761904761906,101982.7819047619,6.807619047619048,6.089047619047619
2023-05-16 11:47:19.324627,21.165714285714287,36.57904761904763,101983.99666666667,6.795238095238096,5.98047619047619
2023-05-16 11:47:31.075783,21.156666666666666,36.55095238095237,101984.93523809525,6.7928571428571445,6.018571428571428
2023-05-16 11:47:42.804534,21.148571428571422,36.53571428571428,101986.28523809525,6.795238095238095,6.128095238095238
2023-05-16 11:47:54.532199,21.145238095238096,36.53809523809523,101987.07714285715,6.792857142857143,5.942857142857143
2023-05-16 11:48:06.266817,21.156190476190478,36.518095238095235,101987.5142857143,6.81,5.963809523809523
2023-05-16 11:48:18.005559,21.160952380952388,36.49476190476191,101992.24666666667,6.813333333333334,6.26047619047619
2023-05-16 11:48:29.747580,21.161428571428576,36.44857142857142,101992.29095238095,6.747142857142857,6.015238095238095
2023-05-16 11:48:41.488262,21.155238095238094,36.41142857142856,101991.91095238095,6.811428571428571,5.924285714285714
2023-05-16 11:48:53.230517,21.153333333333332,36.41904761904762,101991.44047619046,6.82047619047619,6.060952380952381
2023-05-16 11:49:04.974612,21.14190476190476,36.47142857142858,101989.72619047618,6.795714285714286,6.039523809523809
2023-05-16 11:49:16.717519,21.14333333333333,36.49761904761905,101988.57714285715,6.787142857142857,6.140952380952381
2023-05-16 11:49:28.467184,21.13619047619047,36.50809523809524,101990.00285714286,6.778095238095237,5.669999999999999
2023-05-16 11:49:40.208604,21.136666666666663,36.49619047619048,101988.15095238095,6.829523809523809,5.68904761904762
2023-05-16 11:49:51.949549,21.141904761904758,36.54,101986.52428571427,6.766190476190476,5.895714285714286
2023-05-16 11:50:03.692502,21.145238095238092,36.57190476190476,101988.38714285714,6.857619047619047,5.96047619047619
2023-05-16 11:50:15.435732,21.15238095238096,36.57380952380953,101993.88952380953,6.7785714285714285,6.175238095238094
2023-05-16 11:50:27.178733,21.154285714285713,36.57190476190476,101998.07428571429,6.826190476190478,6.241428571428571
2023-05-16 11:50:38.923744,21.168095238095244,36.59809523809524,101996.32095238093,6.807142857142858,6.278095238095238
2023-05-16 11:50:50.666885,21.166190476190486,36.61380952380953,101994.14285714286,6.761428571428572,5.935238095238096
2023-05-16 11:51:02.413515,21.167142857142863,36.51428571428572,101993.11952380951,6.783809523809524,6.065238095238095
2023-05-16 11:51:14.157732,21.17095238095239,36.55619047619049,101992.01761904762,6.7766666666666655,5.844285714285715
2023-05-16 11:51:25.903036,21.16666666666667,36.581904761904774,101995.64761904764,6.77809523809524,6.07904761904762
2023-05-16 11:51:37.663590,21.160476190476196,36.50000000000001,101993.05952380954,6.783809523809524,6.1585714285714275
2023-05-16 11:51:49.427212,21.16619047619048,36.468095238095245,101997.51476190476,6.725714285714285,6.18047619047619
2023-05-16 11:52:01.191338,21.159047619047623,36.50285714285714,101998.19571428571,6.759999999999999,5.772857142857141
2023-05-16 11:52:12.962932,21.16095238095238,36.51714285714285,101996.40190476191,6.822857142857144,5.87952380952381
2023-05-16 11:52:24.705818,21.17095238095239,36.55238095238095,102000.16095238095,6.777142857142857,6.239047619047618
2023-05-16 11:52:36.450236,21.175238095238097,36.56190476190476,101993.99714285714,6.828571428571429,5.969523809523809
2023-05-16 11:52:48.193100,21.184285714285718,36.548095238095236,101997.85428571429,6.822380952380953,5.936666666666666
2023-05-16 11:52:59.939139,21.18857142857143,36.53619047619048,101995.57190476189,6.778095238095238,5.939047619047619
2023-05-16 11:53:11.689312,21.18857142857143,36.50142857142857,101994.55761904764,6.79952380952381,6.095714285714285
2023-05-16 11:53:23.437320,21.192380952380955,36.50380952380952,101992.17285714287,6.786190476190474,5.744761904761905
2023-05-16 11:53:35.196455,21.199047619047615,36.523333333333326,101994.14571428574,6.806190476190476,6.073333333333333
2023-05-16 11:53:46.960645,21.198571428571423,36.56190476190476,101992.26476190476,6.762380952380952,5.698095238095236
2023-05-16 11:53:58.716335,21.19571428571428,36.56571428571429,101996.76999999999,6.777142857142857,5.6847619047619045
2023-05-16 11:54:10.464615,21.205714285714283,36.50761904761906,101994.17285714285,6.793333333333332,5.761428571428572
2023-05-16 11:54:22.197391,21.206666666666667,36.40047619047619,101990.84571428571,6.779999999999999,5.944761904761905
2023-05-16 11:54:33.930335,21.209999999999997,36.36619047619047,101993.78333333333,6.812857142857142,6.015714285714285
2023-05-16 11:54:45.671576,21.207142857142852,36.426666666666655,101990.18523809522,6.795714285714287,5.958571428571429
2023-05-16 11:54:57.431962,21.202380952380953,36.459523809523816,101990.78952380952,6.781428571428571,5.73047619047619
2023-05-16 11:55:09.197472,21.198095238095238,36.46714285714287,101995.15523809523,6.8671428571428565,6.160000000000001
2023-05-16 11:55:20.960695,21.197619047619046,36.44571428571428,101993.73000000001,6.816190476190475,6.200952380952381
2023-05-16 11:55:32.706532,21.18904761904762,36.45761904761905,101993.2638095238,6.738571428571428,5.856190476190475
2023-05-16 11:55:44.440603,21.178095238095246,36.48428571428572,101991.11666666667,6.740952380952381,6.097142857142855
2023-05-16 11:55:56.176614,21.17714285714286,36.50190476190476,101995.19761904761,6.751904761904763,5.942380952380952
2023-05-16 11:56:07.911809,21.163809523809523,36.44857142857143,101991.29904761903,6.782857142857144,6.1242857142857146
2023-05-16 11:56:19.654015,21.152380952380952,36.399047619047614,101996.99761904763,6.784285714285714,5.882380952380952
2023-05-16 11:56:31.395970,21.149047619047614,36.39333333333333,101995.28904761904,6.78142857142857,5.897619047619047
2023-05-16 11:56:43.138752,21.14904761904761,36.38142857142857,102001.06904761904,6.759999999999999,6.142380952380953
2023-05-16 11:56:54.882119,21.146666666666665,36.35714285714286,101998.90190476191,6.7700000000000005,5.861428571428571
2023-05-16 11:57:06.625664,21.146190476190473,36.38333333333332,102001.6423809524,6.761904761904764,5.963333333333334
2023-05-16 11:57:18.384959,21.140952380952378,36.472857142857144,101998.99095238096,6.796190476190477,5.906666666666667
2023-05-16 11:57:30.132052,21.134761904761902,36.50666666666667,102001.65238095236,6.801904761904761,6.11142857142857
2023-05-16 11:57:41.872888,21.13,36.53095238095237,102005.30285714284,6.797142857142857,5.941904761904762
2023-05-16 11:57:53.614884,21.12904761904762,36.53619047619046,102000.63,6.835238095238095,6.078571428571427
2023-05-16 11:58:05.356313,21.13238095238095,36.5495238095238,102000.20666666667,6.805714285714286,6.313333333333334
2023-05-16 11:58:17.101084,21.134285714285713,36.54761904761905,101998.15095238095,6.752380952380953,6.189047619047619
2023-05-16 11:58:28.844574,21.135238095238087,36.56095238095238,101997.65190476191,6.782380952380952,6.092380952380953
2023-05-16 11:58:40.587178,21.14095238095238,36.56666666666667,101999.83380952381,6.805714285714286,6.079047619047619
2023-05-16 11:58:52.337359,21.12904761904762,36.58095238095239,102000.02666666667,6.750476190476191,6.068571428571429
2023-05-16 11:59:04.082752,21.12857142857143,36.59714285714286,102006.57333333336,6.796666666666665,6.0476190476190474
2023-05-16 11:59:15.829603,21.133333333333333,36.60857142857144,102004.86,6.782857142857143,5.691904761904762
2023-05-16 11:59:27.584018,21.128095238095234,36.63047619047619,101998.19047619047,6.755714285714286,5.942857142857143
2023-05-16 11:59:39.344849,21.13285714285714,36.645238095238085,102000.86,6.71857142857143,6.064285714285714
2023-05-16 11:59:51.107870,21.130476190476188,36.65333333333332,101996.73476190477,6.745238095238095,6.2995238095238095
2023-05-16 12:00:02.871672,21.129047619047615,36.63238095238095,101999.32238095236,6.801904761904764,6.152380952380954
2023-05-16 12:00:14.614603,21.127142857142854,36.614761904761906,102003.55095238095,6.7528571428571444,5.9452380952380945
2023-05-16 12:00:26.359931,21.13428571428571,36.56999999999999,102003.16047619047,6.76095238095238,5.887619047619048
2023-05-16 12:00:38.101647,21.137142857142855,36.55714285714286,102001.7319047619,6.748095238095239,6.0600000000000005
2023-05-16 12:00:49.847750,21.126666666666665,36.57190476190476,101992.04523809522,6.77,5.919047619047619
2023-05-16 12:01:01.593884,21.122380952380954,36.58761904761906,101990.3861904762,6.795238095238095,5.8047619047619055
2023-05-16 12:01:13.337743,21.120000000000005,36.582380952380966,101992.14904761904,6.769523809523809,6.118571428571427
2023-05-16 12:01:25.091124,21.10904761904762,36.57714285714287,101997.50285714286,6.798571428571428,6.13952380952381
2023-05-16 12:01:36.854013,21.109523809523814,36.59619047619048,101997.37238095238,6.76047619047619,5.950952380952382
2023-05-16 12:01:48.618231,21.110952380952387,36.58857142857144,101999.34571428572,6.769047619047619,6.07047619047619
2023-05-16 12:02:00.380972,21.102380952380955,36.55619047619047,101994.88476190476,6.73904761904762,6.174761904761904
2023-05-16 12:02:12.118081,21.103809523809527,36.53619047619048,101994.66000000002,6.753333333333333,5.752380952380953
2023-05-16 12:02:23.869432,21.103333333333335,36.516666666666666,101996.17476190478,6.776190476190475,5.8704761904761895
2023-05-16 12:02:35.604173,21.1052380952381,36.514285714285705,101998.44857142858,6.775238095238094,6.173809523809524
2023-05-16 12:02:47.358204,21.105238095238096,36.547142857142845,102003.26190476191,6.7633333333333345,5.979047619047619
2023-05-16 12:02:59.115061,21.101428571428578,36.54952380952381,101997.76809523809,6.7457142857142856,6.090476190476191
2023-05-16 12:03:10.874201,21.100952380952382,36.51095238095239,102004.43428571426,6.752857142857142,5.915238095238096
2023-05-16 12:03:22.623249,21.09952380952381,36.44761904761904,102000.08952380953,6.778571428571429,5.834761904761906
2023-05-16 12:03:34.365162,21.083809523809517,36.44904761904762,101997.36761904761,6.797142857142857,5.970476190476191
2023-05-16 12:03:46.105295,21.082380952380948,36.54238095238096,101994.70619047616,6.783809523809525,6.08904761904762
2023-05-16 12:03:57.846620,21.07571428571428,36.54857142857143,101995.74666666667,6.825238095238096,6.229047619047619
2023-05-16 12:04:09.587697,21.065714285714286,36.512380952380944,101995.49666666667,6.761428571428573,6.237619047619048
2023-05-16 12:04:21.329690,21.05952380952381,36.38809523809524,101998.28904761904,6.744285714285713,6.045714285714285
2023-05-16 12:04:33.071899,21.06142857142857,36.42809523809523,101999.96523809522,6.801428571428572,5.964285714285715
2023-05-16 12:04:44.813656,21.060952380952383,36.45571428571429,102001.97809523807,6.82,6.092857142857143
2023-05-16 12:04:56.557026,21.06047619047619,36.43857142857142,102004.05000000002,6.779047619047621,5.979523809523808
2023-05-16 12:05:08.301969,21.065238095238094,36.4052380952381,102004.48190476191,6.839047619047619,6.149047619047619
2023-05-16 12:05:20.049660,21.06714285714285,36.402380952380945,102000.45904761904,6.831428571428572,6.0671428571428585
2023-05-16 12:05:31.792306,21.066666666666663,36.40571428571428,101999.28904761904,6.793333333333335,6.073809523809523
2023-05-16 12:05:43.533587,21.065238095238094,36.41142857142857,102003.34285714284,6.8028571428571425,6.045238095238095
2023-05-16 12:05:55.274662,21.068571428571428,36.432380952380946,102002.05428571429,6.793333333333333,6.031904761904761
2023-05-16 12:06:07.019954,21.071428571428562,36.47380952380953,101998.62476190476,6.816666666666667,5.730952380952381
2023-05-16 12:06:18.763023,21.074285714285708,36.520476190476174,101997.9080952381,6.812380952380953,5.8480952380952385
2023-05-16 12:06:30.508437,21.087142857142858,36.59095238095239,102004.93476190476,6.756666666666666,6.220000000000001
2023-05-16 12:06:42.254527,21.098095238095237,36.6104761904762,102008.09238095238,6.76047619047619,5.737619047619048
2023-05-16 12:06:54.006210,21.111428571428576,36.53380952380952,102002.00857142858,6.759999999999999,6.048571428571428
2023-05-16 12:07:05.755463,21.11952380952381,36.53285714285713,101998.26857142856,6.7785714285714285,6.195714285714285
2023-05-16 12:07:17.503467,21.127142857142857,36.57190476190476,101995.99142857142,6.787619047619046,6.239999999999999
2023-05-16 12:07:29.279697,21.141428571428577,36.586666666666666,102001.2304761905,6.86047619047619,5.9785714285714295
2023-05-16 12:07:41.044718,21.15809523809524,36.58904761904763,102000.02285714286,6.792380952380953,6.006190476190476
2023-05-16 12:07:52.804516,21.18,36.568095238095246,101999.73809523809,6.82,5.945714285714285
2023-05-16 12:08:04.554522,21.201904761904757,36.53952380952381,101998.26714285716,6.7666666666666675,5.889047619047619
2023-05-16 12:08:16.298595,21.217619047619053,36.4952380952381,102000.53095238097,6.770952380952381,5.970000000000001
2023-05-16 12:08:28.042259,21.22428571428572,36.456190476190464,102000.65238095236,6.814285714285714,5.971904761904762
2023-05-16 12:08:39.788712,21.233333333333334,36.39095238095238,102006.66333333334,6.7785714285714285,6.289999999999999
2023-05-16 12:08:51.539443,21.245238095238093,36.39952380952381,102001.70523809524,6.732380952380952,6.086190476190477
2023-05-16 12:09:03.291932,21.256666666666664,36.364761904761906,102010.76476190476,6.7285714285714295,5.829047619047619
2023-05-16 12:09:15.038751,21.269047619047612,36.33047619047619,102009.58857142858,6.795238095238095,5.966666666666666
2023-05-16 12:09:26.801536,21.276190476190475,36.270476190476195,102005.94523809524,6.722857142857144,6.146190476190474
2023-05-16 12:09:38.564461,21.2852380952381,36.221428571428575,102003.09809523809,6.716666666666667,6.260952380952382
2023-05-16 12:09:50.324659,21.29428571428572,36.175714285714285,102001.33333333333,6.813333333333331,6.26047619047619
2023-05-16 12:10:02.067643,21.299523809523812,36.14999999999999,101998.17285714285,6.750476190476191,6.117619047619049
2023-05-16 12:10:13.807857,21.29428571428572,36.1052380952381,102004.86619047618,6.781904761904761,6.02904761904762
2023-05-16 12:10:25.549049,21.295238095238098,36.096190476190486,101999.74857142859,6.756190476190477,6.039047619047618
2023-05-16 12:10:37.303042,21.299047619047624,36.0795238095238,101998.65095238095,6.769047619047618,6.213809523809524
2023-05-16 12:10:49.065633,21.30809523809524,36.07190476190477,102002.77142857143,6.7542857142857144,6.11
2023-05-16 12:11:00.827287,21.301428571428573,36.04857142857143,102003.5919047619,6.741428571428571,6.121428571428571
2023-05-16 12:11:12.589933,21.302857142857146,36.02761904761904,102003.37476190476,6.75142857142857,6.023333333333333
2023-05-16 12:11:24.319279,21.303809523809527,36.04857142857142,102005.8461904762,6.749999999999998,6.145238095238096
2023-05-16 12:11:36.051113,21.30619047619048,36.03666666666666,102008.38095238095,6.747142857142857,5.882380952380954
2023-05-16 12:11:47.792021,21.30761904761905,36.01952380952381,102007.94714285716,6.798095238095236,5.9452380952380945
2023-05-16 12:11:59.531409,21.309523809523814,36.01190476190476,102009.3657142857,6.778571428571429,6.198571428571428
2023-05-16 12:12:11.273215,21.313809523809525,35.99190476190477,102009.87285714284,6.801904761904761,5.8704761904761895
2023-05-16 12:12:23.031190,21.316666666666666,35.96095238095238,102013.71714285715,6.78952380952381,6.2042857142857155
2023-05-16 12:12:34.772423,21.319523809523808,35.93761904761904,102014.22952380954,6.797142857142856,5.954285714285715
2023-05-16 12:12:46.517810,21.312857142857148,35.92523809523809,102014.84857142859,6.799047619047619,5.986666666666667
2023-05-16 12:12:58.260495,21.29714285714286,35.92380952380953,102010.21761904762,6.7333333333333325,5.965238095238095
2023-05-16 12:13:10.003445,21.285238095238093,35.94714285714286,102005.46809523807,6.765714285714288,5.946190476190476
2023-05-16 12:13:21.751089,21.27285714285714,35.927142857142854,102008.06238095238,6.780952380952381,5.881428571428571
2023-05-16 12:13:33.492438,21.26809523809523,35.92761904761904,102007.86,6.779047619047619,5.9176190476190484
2023-05-16 12:13:45.234733,21.260952380952382,35.94,102009.15428571429,6.810476190476188,5.839047619047618
2023-05-16 12:13:56.977601,21.253809523809522,35.99047619047619,102008.53,6.839999999999999,5.493333333333333
2023-05-16 12:14:08.720914,21.244285714285713,36.089523809523804,102007.86857142858,6.784761904761904,6.203333333333334
2023-05-16 12:14:20.465972,21.240952380952383,36.188095238095244,102006.91333333334,6.816666666666668,6.02047619047619
2023-05-16 12:14:32.209022,21.233333333333338,36.24761904761905,102007.71619047617,6.81,6.001904761904761
2023-05-16 12:14:43.954844,21.231428571428573,36.27904761904762,102007.85476190477,6.843333333333332,5.998095238095238
2023-05-16 12:14:55.704092,21.227142857142866,36.24857142857144,102003.3085714286,6.828571428571429,5.941428571428572
2023-05-16 12:15:07.453775,21.223809523809525,36.17095238095238,102001.72904761905,6.772380952380952,5.786666666666668
2023-05-16 12:15:19.217088,21.21952380952381,36.152380952380945,102001.59904761905,6.824285714285715,6.223809523809523
2023-05-16 12:15:30.982814,21.209047619047617,36.212380952380954,102003.46952380954,6.82,6.174285714285715
2023-05-16 12:15:42.744427,21.20285714285714,36.30000000000001,102007.48523809524,6.811904761904763,6.189523809523809
2023-05-16 12:15:54.499657,21.194761904761904,36.329523809523806,102004.44333333333,6.743333333333334,5.968095238095238
2023-05-16 12:16:06.243872,21.191428571428574,36.36047619047619,102008.31809523811,6.7714285714285705,6.004761904761905
2023-05-16 12:16:17.985844,21.181904761904764,36.37619047619048,102005.10714285714,6.818095238095238,5.956666666666668
2023-05-16 12:16:29.730916,21.17571428571429,36.347619047619055,102008.48380952384,6.742857142857143,6.10095238095238
2023-05-16 12:16:41.477816,21.177142857142858,36.302857142857135,102003.64285714286,6.80857142857143,6.188571428571429
2023-05-16 12:16:53.228942,21.162857142857142,36.273809523809526,102001.12142857142,6.77,6.053333333333332
2023-05-16 12:17:04.976394,21.16380952380953,36.274761904761895,102002.48476190477,6.810952380952381,5.869523809523811
2023-05-16 12:17:16.736783,21.16809523809524,36.31190476190477,102000.36952380951,6.804285714285713,5.9471428571428575
2023-05-16 12:17:28.514670,21.17285714285715,36.29904761904762,102002.79333333333,6.806666666666665,6.118095238095238
2023-05-16 12:17:40.273327,21.178095238095242,36.328571428571436,102005.01809523809,6.762380952380953,5.883809523809525
2023-05-16 12:17:52.026971,21.187142857142856,36.29523809523808,102005.28571428571,6.774761904761907,5.951904761904761
2023-05-16 12:18:03.761205,21.18285714285715,36.29333333333333,102003.4757142857,6.798571428571431,6.222857142857143
2023-05-16 12:18:15.497296,21.18761904761905,36.33047619047619,102001.1580952381,6.825238095238097,6.006190476190476
2023-05-16 12:18:27.245009,21.189999999999998,36.31428571428572,102000.72285714287,6.777619047619045,6.103809523809524
2023-05-16 12:18:39.008415,21.189047619047617,36.29190476190476,101998.78523809525,6.813809523809524,5.905714285714286
2023-05-16 12:18:50.772420,21.18285714285715,36.250952380952384,102005.1580952381,6.772380952380952,5.829523809523811
2023-05-16 12:19:02.538874,21.180000000000003,36.22238095238096,102001.69047619047,6.747142857142857,5.967142857142856
2023-05-16 12:19:14.283767,21.173809523809524,36.26523809523809,102006.40714285716,6.7990476190476175,5.874761904761905
2023-05-16 12:19:26.021839,21.172857142857147,36.311428571428564,102004.70238095238,6.7733333333333325,5.96952380952381
2023-05-16 12:19:37.758634,21.172857142857147,36.39047619047619,102008.14571428571,6.801904761904764,6.112857142857145
2023-05-16 12:19:49.491461,21.160476190476196,36.42285714285714,102005.64904761904,6.7476190476190485,6.252857142857142
2023-05-16 12:20:01.233916,21.163809523809533,36.354761904761915,102003.87761904762,6.7752380952380955,5.9695238095238095
2023-05-16 12:20:12.975942,21.162380952380957,36.38190476190476,102006.93523809525,6.759523809523811,6.19
2023-05-16 12:20:24.717566,21.165238095238102,36.33857142857143,102004.40190476191,6.744285714285713,6.05095238095238
2023-05-16 12:20:36.463055,21.163809523809523,36.44333333333334,102008.72523809526,6.797619047619047,6.123809523809523
2023-05-16 12:20:48.206155,21.17428571428572,36.494285714285716,102007.8476190476,6.786190476190474,6.017619047619048
2023-05-16 12:20:59.951573,21.18952380952381,36.47285714285714,102002.97333333333,6.796190476190477,5.823333333333332
2023-05-16 12:21:11.698652,21.200476190476184,36.51190476190476,102005.26095238095,6.761428571428572,5.918571428571429
2023-05-16 12:21:23.440075,21.20904761904763,36.58904761904763,102003.61904761907,6.813809523809524,5.8638095238095245
2023-05-16 12:21:35.181869,21.220476190476194,36.544761904761906,102004.0,6.806666666666667,6.0809523809523816
2023-05-16 12:21:46.924293,21.22857142857143,36.421428571428564,102004.03904761904,6.765714285714286,5.85904761904762
2023-05-16 12:21:58.668489,21.235714285714288,36.38285714285714,102004.90238095236,6.808095238095238,6.095238095238095
2023-05-16 12:22:10.413173,21.238095238095244,36.35428571428573,102003.81761904764,6.803333333333334,6.1223809523809525
2023-05-16 12:22:22.156210,21.249047619047616,36.352380952380955,102001.5638095238,6.767619047619048,6.081904761904761
2023-05-16 12:22:33.922461,21.25142857142857,36.352380952380955,102005.16904761906,6.775714285714285,5.924761904761905
2023-05-16 12:22:45.672428,21.2547619047619,36.35047619047619,102003.05523809524,6.7923809523809515,5.856190476190476
2023-05-16 12:22:57.421907,21.254285714285714,36.35190476190476,102002.16476190474,6.786666666666667,6.324761904761906
2023-05-16 12:23:09.175819,21.26095238095238,36.41571428571429,102001.38714285716,6.76047619047619,5.853809523809525
2023-05-16 12:23:20.939963,21.259047619047617,36.46380952380953,102002.11857142858,6.767142857142858,5.969047619047619
2023-05-16 12:23:32.703838,21.265714285714285,36.49619047619048,102007.11000000003,6.763333333333334,6.0809523809523816
2023-05-16 12:23:44.470303,21.269523809523808,36.50142857142857,102005.22619047618,6.801904761904762,5.715238095238095
2023-05-16 12:23:56.213593,21.271428571428572,36.52904761904762,102003.85380952382,6.791428571428572,6.0338095238095235
2023-05-16 12:24:07.958194,21.273809523809526,36.57904761904762,102008.63666666667,6.784761904761906,5.739523809523808
2023-05-16 12:24:19.700363,21.26428571428571,36.59380952380953,102009.58523809526,6.761428571428571,6.083809523809524
2023-05-16 12:24:31.445446,21.267619047619043,36.60761904761905,102005.03857142858,6.778095238095238,5.971428571428571
2023-05-16 12:24:43.194103,21.26142857142857,36.621428571428574,102003.37571428569,6.780476190476191,6.0923809523809505
2023-05-16 12:24:54.941525,21.262380952380948,36.62714285714286,102005.50571428573,6.77,6.06095238095238
2023-05-16 12:25:06.693640,21.26333333333333,36.60714285714287,102001.09476190477,6.755714285714286,6.220952380952381
2023-05-16 12:25:18.457254,21.259999999999998,36.58095238095238,102003.17523809525,6.783333333333333,5.769523809523808
2023-05-16 12:25:30.221690,21.25523809523809,36.57,102001.06238095238,6.765238095238097,6.25095238095238
2023-05-16 12:25:41.984519,21.257142857142853,36.53571428571428,102002.32666666669,6.73142857142857,5.908571428571428
2023-05-16 12:25:53.724121,21.25952380952381,36.47428571428573,102004.38666666667,6.738571428571427,6.0757142857142865
2023-05-16 12:26:05.455993,21.255714285714284,36.427142857142854,102001.85142857142,6.755238095238096,5.779999999999999
2023-05-16 12:26:17.196126,21.25333333333333,36.38095238095238,102003.3380952381,6.724761904761904,6.08190476190476
2023-05-16 12:26:28.949011,21.25095238095238,36.510952380952375,102005.9519047619,6.781904761904762,6.130476190476191
2023-05-16 12:26:40.712666,21.252857142857142,36.60380952380953,102009.76809523809,6.746190476190476,6.198095238095238
2023-05-16 12:26:52.476194,21.246190476190478,36.60761904761906,102007.63095238098,6.7333333333333325,6.023333333333333
2023-05-16 12:27:04.229048,21.244761904761905,36.56285714285714,102008.78238095238,6.733809523809524,6.184285714285714
2023-05-16 12:27:15.971019,21.240476190476194,36.423333333333325,102008.1076190476,6.721904761904763,6.187619047619047
2023-05-16 12:27:27.712308,21.239523809523817,36.41095238095237,102008.6642857143,6.793809523809524,6.217619047619047
2023-05-16 12:27:39.465741,21.23857142857143,36.377142857142864,102007.8723809524,6.774285714285715,5.578571428571429
2023-05-16 12:27:51.207798,21.242857142857144,36.355714285714285,102009.94714285713,6.765238095238097,6.156190476190476
2023-05-16 12:28:02.950519,21.243333333333332,36.40047619047618,102011.0314285714,6.7976190476190474,6.1366666666666685
2023-05-16 12:28:14.693224,21.25095238095238,36.40047619047618,102015.10142857142,6.724285714285715,6.145238095238096
2023-05-16 12:28:26.434871,21.25333333333333,36.3895238095238,102014.06571428571,6.763333333333332,5.8014285714285725
2023-05-16 12:28:38.177983,21.260952380952375,36.400952380952376,102010.74523809523,6.735714285714285,5.930952380952381
2023-05-16 12:28:49.923802,21.257619047619045,36.40952380952382,102008.90190476191,6.716666666666667,6.086666666666665
2023-05-16 12:29:01.671459,21.255238095238095,36.4242857142857,102010.96047619052,6.746190476190476,6.127619047619047
2023-05-16 12:29:13.413652,21.253333333333337,36.43666666666667,102009.07714285713,6.768095238095239,5.69904761904762
2023-05-16 12:29:25.155470,21.250952380952384,36.52619047619047,102008.42333333334,6.746190476190477,6.152380952380954
2023-05-16 12:29:36.896709,21.25238095238095,36.52809523809523,102015.13142857142,6.734285714285714,6.234285714285715
2023-05-16 12:29:48.641418,21.243809523809524,36.550476190476196,102011.61047619047,6.750000000000002,5.957619047619048
2023-05-16 12:30:00.384912,21.237142857142857,36.61523809523809,102011.8704761905,6.762857142857143,6.137619047619047
2023-05-16 12:30:12.128774,21.240000000000002,36.65142857142857,102008.44428571427,6.760952380952382,6.013333333333333
2023-05-16 12:30:23.877295,21.231428571428577,36.6157142857143,102015.22000000003,6.804285714285716,6.216190476190476
2023-05-16 12:30:35.631578,21.23095238095238,36.573333333333345,102012.27666666667,6.720000000000001,6.2109523809523814
2023-05-16 12:30:47.390366,21.227142857142866,36.60285714285715,102007.8061904762,6.726666666666667,6.132380952380952
2023-05-16 12:30:59.149569,21.234761904761907,36.604761904761915,102007.35095238096,6.729523809523809,6.097619047619046
2023-05-16 12:31:10.912418,21.23809523809524,36.62142857142857,102009.3161904762,6.72190476190476,5.976666666666668
2023-05-16 12:31:22.678199,21.247619047619047,36.61428571428572,102009.84476190477,6.711428571428572,5.902857142857142
2023-05-16 12:31:34.440293,21.255714285714284,36.55904761904762,102007.38095238095,6.716666666666666,6.03904761904762
2023-05-16 12:31:46.191219,21.259999999999998,36.56476190476191,102006.81857142856,6.764761904761904,6.122857142857144
2023-05-16 12:31:57.935886,21.25523809523809,36.6447619047619,102010.79190476189,6.739047619047618,5.917619047619048
2023-05-16 12:32:09.679225,21.25428571428571,36.642380952380954,102005.7419047619,6.774761904761904,6.231428571428572
2023-05-16 12:32:21.426771,21.251428571428573,36.55714285714286,102003.28857142858,6.782857142857141,6.205238095238095
2023-05-16 12:32:33.180524,21.24857142857143,36.56142857142858,102008.07761904762,6.738095238095238,6.1538095238095245
2023-05-16 12:32:44.945070,21.239523809523813,36.62238095238095,102007.77952380953,6.729523809523809,6.1676190476190484
2023-05-16 12:32:56.694648,21.235714285714288,36.57857142857143,102007.09238095238,6.745238095238095,6.056190476190476
2023-05-16 12:33:08.457464,21.229523809523812,36.54666666666666,102005.86,6.743809523809525,6.273333333333333
2023-05-16 12:33:20.219358,21.223809523809525,36.528095238095226,102003.43428571426,6.78952380952381,6.07
2023-05-16 12:33:31.984369,21.219047619047622,36.534285714285716,102007.45952380952,6.720952380952379,6.218095238095238
2023-05-16 12:33:43.730679,21.216666666666665,36.57761904761906,102001.96904761907,6.766190476190476,6.1119047619047615
2023-05-16 12:33:55.471889,21.221904761904767,36.6057142857143,102003.50285714286,6.761904761904762,5.98095238095238
2023-05-16 12:34:07.212472,21.22333333333334,36.62476190476191,102003.94523809527,6.741428571428573,5.84047619047619
2023-05-16 12:34:18.967716,21.234761904761903,36.61380952380953,102002.18095238096,6.741428571428573,5.995714285714287
2023-05-16 12:34:30.732784,21.237619047619052,36.6052380952381,102003.16238095242,6.74095238095238,6.051428571428572
2023-05-16 12:34:42.496804,21.244285714285713,36.605714285714285,102004.76476190476,6.7528571428571444,5.902380952380954
2023-05-16 12:34:54.258387,21.24952380952381,36.56142857142858,102002.3580952381,6.753809523809524,6.0076190476190465
2023-05-16 12:35:05.998577,21.256190476190472,36.50619047619048,102001.47428571426,6.76857142857143,6.206666666666667
2023-05-16 12:35:17.739991,21.259523809523806,36.44,102002.2476190476,6.725714285714286,5.9852380952380955
2023-05-16 12:35:29.481204,21.266190476190474,36.470000000000006,102001.72904761905,6.78142857142857,6.167142857142856
2023-05-16 12:35:41.223109,21.273333333333333,36.44857142857144,102006.70428571428,6.763809523809525,6.006190476190477
2023-05-16 12:35:52.966146,21.279523809523816,36.43666666666667,102005.81047619048,6.75904761904762,5.778571428571429
2023-05-16 12:36:04.709469,21.276190476190475,36.48761904761905,102003.45238095238,6.808095238095238,5.680952380952381
2023-05-16 12:36:16.450046,21.274761904761906,36.55714285714287,102007.03380952381,6.708571428571428,5.93095238095238
2023-05-16 12:36:28.193419,21.267142857142858,36.596666666666664,102000.85142857142,6.802380952380952,5.888571428571429
2023-05-16 12:36:39.938333,21.268095238095235,36.60809523809524,101999.26523809525,6.797619047619047,6.1380952380952385
2023-05-16 12:36:51.681317,21.265238095238097,36.614285714285714,101999.66000000002,6.771428571428572,6.0947619047619055
2023-05-16 12:37:03.429177,21.257619047619045,36.53333333333333,102000.44857142857,6.736666666666666,5.842380952380952
2023-05-16 12:37:15.171357,21.257619047619045,36.52619047619047,102000.10904761904,6.78047619047619,6.080000000000002
2023-05-16 12:37:26.912498,21.259047619047614,36.55666666666666,102003.35142857142,6.72047619047619,6.076666666666666
2023-05-16 12:37:38.657617,21.26714285714285,36.587142857142865,102005.88714285714,6.738571428571429,5.827142857142857
2023-05-16 12:37:50.415693,21.27238095238095,36.633333333333326,102003.11952380951,6.740952380952383,5.956190476190476
2023-05-16 12:38:02.160344,21.283333333333335,36.63666666666667,102002.43714285715,6.717142857142857,6.16047619047619
2023-05-16 12:38:13.903681,21.290952380952383,36.60428571428573,102000.27380952382,6.719047619047619,5.619523809523811
2023-05-16 12:38:25.650823,21.29571428571429,36.561904761904756,101998.11238095237,6.746190476190476,6.046190476190477
2023-05-16 12:38:37.403136,21.30047619047619,36.52095238095238,101998.13714285714,6.753333333333332,5.716190476190476
2023-05-16 12:38:49.160097,21.30714285714286,36.519999999999996,101999.33095238096,6.750000000000002,6.070952380952381
2023-05-16 12:39:00.920344,21.304761904761904,36.542857142857144,102000.01476190476,6.735238095238096,5.826666666666666
2023-05-16 12:39:12.686528,21.30809523809524,36.55952380952382,102000.88428571426,6.716666666666667,6.1
2023-05-16 12:39:24.450475,21.302380952380954,36.618095238095236,102004.56761904762,6.717619047619047,5.918095238095236
2023-05-16 12:39:36.213034,21.31,36.67,102001.22666666665,6.741904761904761,5.744761904761904
2023-05-16 12:39:47.954971,21.31190476190476,36.75761904761904,102000.83857142858,6.706190476190477,6.018571428571428
2023-05-16 12:39:59.697835,21.31904761904762,36.66904761904762,102001.93428571429,6.738095238095239,5.78
2023-05-16 12:40:11.443190,21.312857142857144,36.638571428571424,102000.01476190475,6.758095238095238,5.887142857142857
2023-05-16 12:40:23.195323,21.31571428571429,36.75238095238095,102000.07047619049,6.725238095238095,5.686190476190475
2023-05-16 12:40:34.950228,21.31142857142857,36.790952380952376,102004.27047619046,6.742857142857144,6.043333333333332
2023-05-16 12:40:46.708388,21.31380952380952,36.811904761904756,102002.58095238096,6.736190476190477,6.04142857142857
2023-05-16 12:40:58.465566,21.303333333333335,36.83571428571429,102001.53809523808,6.752857142857143,6.015238095238094
2023-05-16 12:41:10.231303,21.304285714285715,36.878095238095234,101999.85380952379,6.73,6.022857142857144
2023-05-16 12:41:21.995655,21.29666666666667,36.90333333333333,102000.46190476189,6.73952380952381,6.015238095238095
2023-05-16 12:41:33.750477,21.29666666666667,36.9552380952381,101996.23285714287,6.735714285714285,5.9623809523809514
2023-05-16 12:41:45.489471,21.29904761904762,36.96190476190476,101995.75380952381,6.744761904761906,5.944285714285714
2023-05-16 12:41:57.223588,21.302857142857142,36.881904761904764,101997.64857142858,6.761428571428572,5.902857142857144
2023-05-16 12:42:08.963941,21.30857142857143,36.861428571428576,101999.18476190476,6.735714285714285,6.045714285714286
2023-05-16 12:42:20.734045,21.313333333333333,36.86333333333333,101999.78571428571,6.740476190476191,6.198095238095239
2023-05-16 12:42:32.497804,21.31238095238095,36.86238095238096,101997.04523809522,6.754761904761906,6.1085714285714285
2023-05-16 12:42:44.263753,21.322857142857142,36.87285714285715,101996.79190476189,6.749523809523809,6.140476190476191
2023-05-16 12:42:56.078760,21.32190476190476,36.83952380952381,102000.92523809522,6.734285714285715,5.79904761904762
2023-05-16 12:43:07.819864,21.334285714285713,36.831904761904774,102000.60714285714,6.740476190476191,6.008571428571428
2023-05-16 12:43:19.561862,21.346190476190483,36.8504761904762,102005.52095238095,6.730476190476191,5.8742857142857146
2023-05-16 12:43:31.301781,21.357619047619057,36.840476190476195,102003.69238095239,6.711904761904761,5.8257142857142865
2023-05-16 12:43:43.043220,21.36142857142858,36.77761904761904,101999.59190476191,6.743809523809524,5.98952380952381
2023-05-16 12:43:54.787174,21.36571428571429,36.76952380952381,102002.85857142859,6.7285714285714295,6.000000000000001
2023-05-16 12:44:06.529386,21.370000000000005,36.79095238095239,101999.57238095238,6.5547619047619055,5.854285714285713
2023-05-16 12:44:18.275778,21.374285714285712,36.77238095238095,102000.67952380952,3.2704761904761908,2.6838095238095234
2023-05-16 12:44:30.025354,21.38428571428571,36.73333333333334,102000.67380952381,3.25857142857143,2.8804761904761897
2023-05-16 12:44:41.769745,21.397142857142857,36.69761904761904,101997.80047619047,3.3071428571428574,2.877142857142857
2023-05-16 12:44:53.518495,21.407619047619043,36.67190476190475,101998.15999999999,3.342380952380953,2.643809523809524
2023-05-16 12:45:05.260472,21.416666666666668,36.63999999999999,101997.0695238095,3.286666666666667,3.0123809523809526
2023-05-16 12:45:17.002884,21.42476190476191,36.5952380952381,102000.55333333332,3.2638095238095235,2.7685714285714287
2023-05-16 12:45:28.744604,21.430476190476192,36.480000000000004,102001.46142857142,3.322380952380952,2.8485714285714288
2023-05-16 12:45:40.488842,21.434285714285718,36.41761904761905,102004.56714285717,3.3280952380952376,2.816666666666667
2023-05-16 12:45:52.235815,21.434761904761906,36.44761904761905,102001.16095238095,3.288095238095238,2.9438095238095237
2023-05-16 12:46:03.981538,21.444761904761904,36.419999999999995,101998.61285714286,3.2714285714285722,2.872380952380952
2023-05-16 12:46:15.734090,21.44857142857142,36.34857142857144,101999.87285714287,3.3038095238095235,2.893809523809524
2023-05-16 12:46:27.490285,21.453809523809518,36.41714285714286,102001.77142857143,3.3352380952380956,2.7523809523809524
2023-05-16 12:46:39.239115,21.456190476190468,36.519999999999996,102001.06809523811,3.305714285714285,2.912857142857143
2023-05-16 12:46:50.995805,21.464285714285715,36.495714285714286,102000.60142857142,3.303333333333333,2.8795238095238096
2023-05-16 12:47:02.759212,21.463809523809523,36.55238095238096,102001.58952380953,3.3004761904761915,2.8914285714285715
2023-05-16 12:47:14.523291,21.465238095238096,36.58047619047619,102000.01761904762,3.255238095238095,2.736190476190476
2023-05-16 12:47:26.293250,21.46571428571429,36.567142857142855,102000.23809523809,3.2619047619047628,2.9266666666666663
2023-05-16 12:47:38.040112,21.468095238095245,36.589047619047626,101996.3861904762,3.2828571428571434,2.8223809523809518
2023-05-16 12:47:49.785134,21.482380952380957,36.61,101995.53,3.2742857142857145,2.9633333333333343
2023-05-16 12:48:01.545026,21.490000000000002,36.600476190476215,101995.57761904762,3.275714285714286,2.8442857142857143
2023-05-16 12:48:13.295756,21.497619047619047,36.54285714285714,101998.35952380954,3.3423809523809522,2.5285714285714285
2023-05-16 12:48:25.051150,21.50238095238095,36.52095238095238,101998.20857142856,3.28,2.8628571428571425
2023-05-16 12:48:36.804618,21.511428571428567,36.44714285714286,102000.86285714286,3.349047619047619,2.71952380952381
2023-05-16 12:48:48.557783,21.526190476190468,36.42285714285715,101999.5142857143,3.316190476190477,2.8504761904761913
2023-05-16 12:49:00.323722,21.519047619047612,36.48428571428571,102000.53904761904,3.2752380952380946,2.7714285714285714
2023-05-16 12:49:12.087987,21.53047619047619,36.518095238095235,101997.77571428574,3.3066666666666658,2.9609523809523814
2023-05-16 12:49:23.851908,21.527619047619044,36.485714285714295,101998.4380952381,3.303333333333334,2.771904761904762
2023-05-16 12:49:35.594787,21.529999999999998,36.48142857142858,101998.84190476191,3.2642857142857133,2.9033333333333338
2023-05-16 12:49:47.337393,21.528095238095236,36.45571428571428,102002.35619047619,6.732380952380952,266.5680952380952
2023-05-16 12:49:59.079805,21.53285714285714,36.395714285714284,102001.02666666667,7.8028571428571425,65.91095238095238
2023-05-16 12:50:10.839836,21.531428571428574,36.35333333333334,101997.87714285716,6.982857142857144,6.244285714285714
2023-05-16 12:50:22.603706,21.529523809523806,36.33,101999.3304761905,6.951428571428571,6.259047619047619
2023-05-16 12:50:34.368760,21.53095238095237,36.29619047619047,101997.05714285713,6.89142857142857,6.28047619047619
2023-05-16 12:50:46.126734,21.52380952380952,36.313809523809525,101996.31714285717,6.878571428571429,6.087142857142856
2023-05-16 12:50:57.869387,21.52333333333333,36.35904761904761,101998.72619047618,6.861904761904763,6.314761904761905
2023-05-16 12:51:09.609954,21.523333333333323,36.439047619047614,101997.67571428571,6.869523809523806,6.147142857142858
2023-05-16 12:51:21.350712,21.524285714285703,36.37666666666668,101995.66047619047,6.887142857142857,5.9680952380952395
2023-05-16 12:51:33.094364,21.53047619047619,36.3747619047619,101994.90238095236,6.851904761904763,6.18095238095238
2023-05-16 12:51:44.836104,21.529523809523806,36.476666666666674,101994.44999999998,6.860952380952382,6.308571428571428
2023-05-16 12:51:56.577925,21.531904761904766,36.49761904761905,101996.18428571429,6.828095238095237,6.118571428571429
2023-05-16 12:52:08.322336,21.535238095238103,36.36380952380953,101998.15714285713,6.838571428571429,5.954761904761906
2023-05-16 12:52:20.066655,21.538095238095238,36.28380952380952,101996.10523809523,6.847619047619048,6.044285714285714
2023-05-16 12:52:31.813358,21.539047619047622,36.262380952380944,102001.10380952382,6.812857142857144,5.859047619047619
2023-05-16 12:52:43.563131,21.548095238095243,36.296190476190475,101994.84190476191,6.827619047619048,5.897142857142857
2023-05-16 12:52:55.320280,21.556666666666665,36.30190476190476,101997.02285714287,6.808095238095238,6.23285714285714
2023-05-16 12:53:07.063042,21.56047619047619,36.30095238095238,101996.50761904765,6.823333333333333,5.924285714285714
2023-05-16 12:53:18.805015,21.566190476190474,36.29904761904762,101995.12428571428,6.830952380952381,6.220476190476192
2023-05-16 12:53:30.548469,21.573809523809523,36.302857142857135,101992.6076190476,6.816190476190475,6.024285714285714
2023-05-16 12:53:42.293637,21.579523809523806,36.35142857142857,101995.41047619047,6.78047619047619,6.083809523809523
2023-05-16 12:53:54.037722,21.59714285714286,36.38761904761904,101996.20619047616,6.809047619047618,6.300476190476191
2023-05-16 12:54:05.790049,21.5952380952381,36.449523809523825,101998.39714285714,6.823809523809523,5.9590476190476185
2023-05-16 12:54:17.550033,21.604285714285723,36.43761904761904,101998.7980952381,6.777619047619047,6.144285714285714
2023-05-16 12:54:29.309904,21.61047619047619,36.33857142857144,102000.79666666666,6.814285714285712,6.095238095238095
2023-05-16 12:54:41.068458,21.615238095238098,36.37428571428571,102001.64904761907,6.78047619047619,5.88047619047619
2023-05-16 12:54:52.832141,21.62,36.46142857142858,102002.12523809524,6.804285714285715,5.848571428571429
2023-05-16 12:55:04.596381,21.620476190476193,36.50285714285714,102001.13380952382,6.809523809523809,5.801904761904761
2023-05-16 12:55:16.361178,21.616190476190475,36.55714285714286,102000.52380952382,6.791904761904762,6.24857142857143
2023-05-16 12:55:28.115828,21.623809523809523,36.54380952380953,102002.45285714285,6.830952380952381,5.983809523809525
2023-05-16 12:55:39.864684,21.619523809523812,36.44952380952381,102005.37809523809,6.838571428571429,5.917142857142856
2023-05-16 12:55:51.609107,21.621904761904762,36.442857142857136,102007.85476190475,6.7799999999999985,6.147142857142858
2023-05-16 12:56:03.358479,21.621904761904762,36.3752380952381,102006.54523809525,6.834761904761903,5.986666666666666
2023-05-16 12:56:15.122340,21.621904761904762,36.391904761904755,102000.52571428574,6.818095238095238,6.155714285714287
2023-05-16 12:56:26.880268,21.625238095238096,36.40047619047618,101998.49809523809,6.816190476190475,6.1085714285714285
2023-05-16 12:56:38.638184,21.631428571428568,36.38380952380952,101998.12476190475,6.813809523809524,6.139047619047618
2023-05-16 12:56:50.402274,21.63857142857143,36.36952380952381,102001.44714285713,6.800000000000002,5.7614285714285725
2023-05-16 12:57:02.166525,21.650000000000006,36.301428571428566,101996.88523809523,6.839999999999999,6.11904761904762
2023-05-16 12:57:13.932470,21.645714285714288,36.201428571428565,101996.17952380952,6.788095238095239,6.131904761904762
2023-05-16 12:57:25.681293,21.651904761904763,36.23952380952382,101997.59904761903,6.834761904761905,6.282857142857143
2023-05-16 12:57:37.422874,21.656666666666666,36.402857142857144,102001.14571428571,6.80904761904762,6.130476190476191
2023-05-16 12:57:49.164630,21.64809523809524,36.450476190476195,101998.06047619048,6.803809523809524,6.119047619047619
2023-05-16 12:58:00.931574,21.63666666666666,36.394761904761914,102001.10428571429,6.816666666666667,5.966666666666667
2023-05-16 12:58:12.697204,21.62904761904762,36.31333333333333,102001.45333333334,6.7990476190476175,5.963809523809523
2023-05-16 12:58:24.460440,21.624761904761904,36.21428571428571,101998.71428571426,6.856190476190475,6.224285714285715
2023-05-16 12:58:36.223651,21.61619047619048,36.1695238095238,101995.12190476191,6.797142857142857,6.325714285714287
2023-05-16 12:58:47.967452,21.61571428571429,36.226190476190474,101995.78238095238,6.74952380952381,6.13904761904762
2023-05-16 12:58:59.708790,21.606666666666673,36.4147619047619,102000.72190476191,6.776666666666666,6.2057142857142855
2023-05-16 12:59:11.449743,21.60333333333334,36.527142857142856,101999.59523809524,6.767619047619046,6.011428571428572
2023-05-16 12:59:23.194342,21.600952380952382,36.53857142857142,102002.25095238093,6.766190476190476,6.006190476190476
2023-05-16 12:59:34.936053,21.603333333333335,36.55714285714285,102002.18952380955,6.750476190476191,5.786666666666667
2023-05-16 12:59:46.680606,21.600952380952386,36.433333333333316,102001.6276190476,6.79047619047619,5.86
2023-05-16 12:59:58.423690,21.60380952380953,36.36619047619048,102002.48142857144,6.79952380952381,5.9071428571428575
2023-05-16 13:00:10.168190,21.602857142857143,36.38809523809524,102001.75047619047,6.814285714285712,5.859047619047619
2023-05-16 13:00:21.913179,21.598095238095244,36.3352380952381,102003.28904761907,6.758095238095238,6.057619047619046
2023-05-16 13:00:33.656275,21.597142857142863,36.269999999999996,102003.92904761904,6.755238095238096,5.786190476190477
2023-05-16 13:00:45.403067,21.608095238095242,36.29619047619047,102002.18,6.804285714285713,5.904285714285713
2023-05-16 13:00:57.147320,21.614285714285717,36.274761904761895,102000.05952380953,6.753333333333333,6.048095238095238
2023-05-16 13:01:08.890491,21.62238095238095,36.27666666666666,101999.14714285714,6.77904761904762,6.30095238095238
2023-05-16 13:01:20.636226,21.632380952380952,36.292380952380945,101997.81238095237,6.794761904761906,5.830952380952381
2023-05-16 13:01:32.381418,21.628571428571426,36.3257142857143,101998.79285714283,6.788571428571427,5.92047619047619
2023-05-16 13:01:44.129457,21.633333333333333,36.36714285714286,102002.52904761906,6.743333333333332,5.83142857142857
2023-05-16 13:01:55.876527,21.62857142857143,36.40714285714286,102000.29571428569,6.756190476190477,6.078095238095237
2023-05-16 13:02:07.630542,21.62333333333333,36.47571428571429,101999.34238095235,6.772857142857142,5.97047619047619
2023-05-16 13:02:19.392667,21.629523809523807,36.561904761904756,102001.15190476191,6.733333333333333,6.243809523809524
2023-05-16 13:02:31.145654,21.63238095238095,36.51904761904761,102001.0642857143,6.727142857142856,6.043333333333334
2023-05-16 13:02:42.906176,21.633333333333333,36.48428571428572,102002.52285714287,6.765714285714286,5.811428571428571
2023-05-16 13:02:54.672201,21.63190476190476,36.52095238095238,102001.48142857142,6.772380952380952,6.232380952380954
2023-05-16 13:03:06.450295,21.63857142857142,36.54142857142857,101999.15047619048,6.782380952380953,5.938095238095238
2023-05-16 13:03:18.210372,21.64190476190476,36.549523809523805,101998.91904761904,6.778095238095237,5.854285714285714
2023-05-16 13:03:29.956498,21.64857142857143,36.55190476190476,101998.18142857144,6.759047619047617,6.027142857142858
2023-05-16 13:03:41.700429,21.64666666666667,36.567619047619054,102003.03809523811,6.756190476190475,5.83952380952381
2023-05-16 13:03:53.445342,21.645714285714288,36.56285714285715,101999.86333333333,6.71952380952381,6.029047619047619
2023-05-16 13:04:05.204075,21.64428571428571,36.57238095238096,102001.80428571429,6.754285714285716,5.833333333333334
2023-05-16 13:04:16.962021,21.646666666666665,36.43666666666667,102006.8095238095,6.746666666666667,6.127142857142856
2023-05-16 13:04:28.724964,21.651904761904763,36.23619047619048,102004.44000000002,6.761428571428572,5.902380952380951
2023-05-16 13:04:40.487427,21.660952380952388,36.21761904761905,102002.80714285716,6.7428571428571455,6.1
2023-05-16 13:04:52.252479,21.660000000000007,36.300476190476196,101999.71142857142,6.769047619047619,5.990952380952381
2023-05-16 13:05:04.017165,21.657619047619058,36.31142857142857,102004.11285714286,6.807142857142858,5.973333333333334
2023-05-16 13:05:15.774002,21.665714285714298,36.25190476190477,101998.7857142857,6.763333333333332,5.585714285714286
2023-05-16 13:05:27.516816,21.673809523809528,36.17190476190476,101997.11047619049,6.733333333333333,6.08190476190476
2023-05-16 13:05:39.259659,21.678095238095246,36.21714285714287,102001.16333333334,6.805238095238094,6.196666666666666
2023-05-16 13:05:50.998063,21.68619047619048,36.17761904761904,101998.45857142856,6.74047619047619,5.862380952380953
2023-05-16 13:06:02.768482,21.69333333333333,36.19619047619047,102002.4438095238,6.76857142857143,5.940476190476192
2023-05-16 13:06:14.532313,21.694761904761904,36.12666666666667,101998.00666666665,6.772380952380954,5.809047619047619
2023-05-16 13:06:26.296317,21.706666666666667,36.114761904761906,102000.88571428572,6.76857142857143,5.868571428571428
2023-05-16 13:06:38.051150,21.711904761904766,36.18095238095239,101998.49714285714,6.772857142857144,5.933333333333334
2023-05-16 13:06:49.791221,21.71190476190476,36.25809523809524,101998.28380952381,6.766666666666665,6.137142857142857
2023-05-16 13:07:01.533491,21.715714285714284,36.30952380952382,102000.50523809525,6.795714285714286,6.150000000000001
2023-05-16 13:07:13.274357,21.7047619047619,36.31476190476189,101999.82047619049,6.827619047619048,6.219047619047619
2023-05-16 13:07:25.016899,21.706666666666667,36.246190476190485,102002.39619047618,6.854285714285713,6.27952380952381
2023-05-16 13:07:36.760954,21.701904761904757,36.2204761904762,102001.39047619046,6.856666666666667,5.851428571428572
2023-05-16 13:07:48.504014,21.69380952380952,36.301428571428566,101998.75619047618,6.859047619047619,6.369523809523809
2023-05-16 13:08:00.250284,21.679047619047623,36.22952380952381,101997.61238095237,6.875238095238096,6.12952380952381
2023-05-16 13:08:12.014168,21.674761904761915,36.18904761904763,101997.29809523809,6.816666666666667,5.900476190476191
2023-05-16 13:08:23.756964,21.66238095238096,36.27619047619048,102002.59190476191,6.822857142857144,5.953333333333334
2023-05-16 13:08:35.506752,21.66238095238096,36.425714285714285,102004.02476190476,6.833809523809525,6.242857142857144
2023-05-16 13:08:47.248646,21.64761904761905,36.35809523809524,102003.45238095238,6.781904761904762,6.236666666666668
2023-05-16 13:08:58.989880,21.636666666666663,36.24619047619048,102002.33428571429,6.819047619047619,6.196190476190476
2023-05-16 13:09:10.734235,21.63,36.19952380952382,102003.4861904762,6.81809523809524,6.155714285714287
2023-05-16 13:09:22.480267,21.62714285714286,36.16095238095238,102006.42809523811,6.824761904761906,6.076666666666666
2023-05-16 13:09:34.233713,21.627142857142854,36.1752380952381,102008.32666666666,6.8409523809523805,6.036190476190477
2023-05-16 13:09:45.980302,21.626190476190477,36.23619047619047,102006.83904761905,6.829047619047619,5.781904761904762
2023-05-16 13:09:57.735622,21.624761904761904,36.35761904761904,102005.67238095238,6.860476190476189,6.234761904761905
2023-05-16 13:10:09.498554,21.626190476190477,36.415238095238095,102005.55761904764,6.8395238095238104,5.80904761904762
2023-05-16 13:10:21.258644,21.629047619047615,36.35761904761906,102004.13095238095,6.8447619047619055,6.062857142857142
2023-05-16 13:10:33.016853,21.62761904761905,36.3752380952381,102004.56285714285,6.79142857142857,6.083333333333333
2023-05-16 13:10:44.782755,21.623809523809523,36.50761904761904,102003.32809523807,6.772380952380954,5.889523809523809
2023-05-16 13:10:56.546884,21.626666666666665,36.54523809523809,102005.40476190476,6.813809523809523,6.018095238095239
2023-05-16 13:11:08.317079,21.63,36.511428571428574,102004.54476190476,6.833809523809523,6.106666666666667
2023-05-16 13:11:20.066706,21.61952380952381,36.47666666666667,102001.80095238096,6.853333333333333,5.970952380952382
2023-05-16 13:11:31.819474,21.617619047619055,36.45809523809524,102002.79142857145,6.827142857142858,6.185238095238096
2023-05-16 13:11:43.568411,21.61380952380953,36.43761904761905,102003.44333333333,6.822380952380953,5.956190476190476
2023-05-16 13:11:55.322597,21.61714285714286,36.454761904761895,102003.20904761905,6.816190476190474,6.076190476190477
2023-05-16 13:12:07.084678,21.620476190476193,36.452380952380956,102001.95809523811,6.8342857142857145,5.953333333333333
2023-05-16 13:12:18.846982,21.619523809523812,36.48,101995.04714285713,6.795714285714286,5.991428571428572
2023-05-16 13:12:30.610893,21.621904761904766,36.48571428571429,101993.42190476193,6.8323809523809516,6.015238095238095
2023-05-16 13:12:42.377233,21.621428571428574,36.51285714285713,101997.1642857143,6.853809523809523,6.024761904761904
2023-05-16 13:12:54.141311,21.625238095238092,36.468095238095245,101999.55666666667,6.852857142857144,6.077619047619048
2023-05-16 13:13:05.905470,21.62095238095238,36.45619047619047,101996.42904761904,6.7876190476190486,5.930000000000001
2023-05-16 13:13:17.664167,21.621904761904766,36.46714285714285,101997.92238095238,6.788571428571428,6.173809523809524
2023-05-16 13:13:29.405041,21.622857142857143,36.43714285714285,102000.3761904762,6.795238095238098,6.027142857142857
2023-05-16 13:13:41.146107,21.621904761904766,36.41523809523809,102002.32095238096,6.782380952380953,5.86095238095238
2023-05-16 13:13:52.906063,21.61571428571429,36.410952380952374,101999.14142857144,6.8480952380952385,5.939047619047619
2023-05-16 13:14:04.670371,21.616666666666667,36.39666666666666,102005.53523809525,6.804761904761906,6.13095238095238
2023-05-16 13:14:16.436730,21.61619047619048,36.393809523809516,101999.07761904762,6.850952380952381,6.240000000000001
2023-05-16 13:14:28.196626,21.619523809523812,36.37333333333334,101998.70571428571,6.82857142857143,5.7890476190476186
2023-05-16 13:14:39.937307,21.623809523809523,36.287142857142854,101998.67333333334,6.800476190476191,6.28952380952381
2023-05-16 13:14:51.679211,21.62333333333333,36.22285714285715,102002.05619047617,6.859523809523809,6.038571428571428
2023-05-16 13:15:03.420549,21.63095238095238,36.164285714285704,102005.46380952382,6.814761904761905,6.240952380952381
2023-05-16 13:15:15.164108,21.636666666666663,36.22428571428571,102004.24714285714,6.804285714285713,6.324285714285715
2023-05-16 13:15:26.907933,21.638095238095232,36.28095238095237,102005.22857142858,6.78047619047619,6.0009523809523815
2023-05-16 13:15:38.649791,21.643333333333334,36.192857142857136,101998.78285714285,6.80857142857143,6.49952380952381
2023-05-16 13:15:50.394314,21.64142857142857,36.08380952380952,101998.77000000002,6.8342857142857145,6.279047619047619
2023-05-16 13:16:02.141222,21.63619047619047,36.01380952380952,101998.16476190474,6.83952380952381,6.00095238095238
2023-05-16 13:16:13.894839,21.639047619047613,35.98095238095239,101998.46809523807,6.814761904761904,6.326666666666667
2023-05-16 13:16:25.646071,21.635714285714283,36.03476190476191,101996.47714285714,6.794761904761906,5.841904761904762
2023-05-16 13:16:37.389362,21.629523809523807,36.18904761904762,101997.61285714284,6.788095238095239,5.631428571428572
2023-05-16 13:16:49.133446,21.63142857142857,36.31190476190476,101996.84666666668,6.743333333333334,6.056190476190477
2023-05-16 13:17:00.876870,21.624761904761904,36.31380952380952,102002.23809523809,6.816666666666665,5.9595238095238106
2023-05-16 13:17:12.620236,21.622380952380954,36.277142857142856,101999.87238095235,6.791428571428572,6.182380952380953
2023-05-16 13:17:24.368180,21.61142857142858,36.20857142857143,101999.54238095236,6.785714285714285,6.097619047619048
2023-05-16 13:17:36.115289,21.60571428571429,36.34238095238095,102002.70285714287,6.815714285714286,6.1690476190476184
2023-05-16 13:17:47.867687,21.608095238095242,36.43761904761904,101999.85333333333,6.792380952380953,5.732380952380953
2023-05-16 13:17:59.633676,21.606190476190484,36.43095238095238,101997.57476190478,6.775714285714287,6.018095238095238
2023-05-16 13:18:11.397108,21.630476190476188,36.444761904761904,101998.53761904762,6.823809523809523,5.804285714285714
2023-05-16 13:18:23.172807,21.64714285714286,36.50095238095238,101995.43761904762,6.805238095238095,6.1119047619047615
2023-05-16 13:18:34.936995,21.670476190476194,36.499523809523815,101994.90476190476,6.830476190476192,6.117142857142857
2023-05-16 13:18:46.701044,21.679523809523815,36.41142857142857,101994.34476190477,6.81047619047619,6.086666666666669
2023-05-16 13:18:58.467049,21.69285714285714,36.376666666666665,101994.76571428569,6.777619047619048,5.923333333333334
2023-05-16 13:19:10.221446,21.690952380952382,36.36190476190476,101999.17,6.804285714285715,6.11142857142857
2023-05-16 13:19:21.969743,21.70523809523809,36.34142857142857,102002.04428571429,6.823809523809523,5.808095238095238
2023-05-16 13:19:33.727063,21.70952380952381,36.34809523809525,101996.00666666665,6.823809523809523,6.097619047619046
2023-05-16 13:19:45.478985,21.72619047619048,36.33380952380952,101994.59523809524,6.80904761904762,5.728571428571429
2023-05-16 13:19:57.242768,21.733809523809526,36.26333333333334,101994.96428571429,6.781428571428571,5.835714285714286
2023-05-16 13:20:09.004059,21.735714285714288,36.182380952380946,101994.6761904762,6.789523809523809,6.003333333333333
2023-05-16 13:20:20.766241,21.74476190476191,36.13095238095239,101993.75190476191,6.757142857142856,5.918095238095238
2023-05-16 13:20:32.532214,21.75142857142857,36.04666666666666,101995.44333333333,6.797619047619049,5.88
2023-05-16 13:20:44.296489,21.759047619047617,36.00238095238095,101996.15238095236,6.774285714285717,6.247142857142857
2023-05-16 13:20:56.060471,21.76809523809523,35.95904761904761,101997.34523809524,6.845238095238094,6.031904761904761
2023-05-16 13:21:07.813262,21.779523809523802,35.890952380952385,101995.02476190474,6.810952380952381,6.241904761904762
2023-05-16 13:21:19.554944,21.790000000000003,35.85000000000001,101995.9,6.7976190476190474,5.976190476190475
2023-05-16 13:21:31.296433,21.794285714285714,35.83142857142858,101994.16285714287,6.8047619047619055,5.836666666666666
2023-05-16 13:21:43.047640,21.799523809523812,35.86571428571429,101998.37857142858,6.780476190476189,5.76857142857143
2023-05-16 13:21:54.811693,21.807142857142857,35.82857142857142,102000.15761904765,6.7490476190476185,6.252380952380953
2023-05-16 13:22:06.577469,21.81142857142857,35.81047619047619,101995.04,6.790952380952379,5.593809523809523
2023-05-16 13:22:18.341294,21.820476190476185,35.79571428571428,102000.27904761906,6.805238095238094,6.001904761904762
2023-05-16 13:22:30.087932,21.827619047619045,35.73095238095239,101999.78047619048,6.779047619047619,6.1395238095238085
2023-05-16 13:22:41.828697,21.827142857142853,35.652380952380945,102000.72571428573,6.773809523809524,6.269047619047618
2023-05-16 13:22:53.569846,21.84428571428571,35.65095238095237,102002.10523809526,6.778571428571427,6.02047619047619
2023-05-16 13:23:05.312813,21.849523809523806,35.656666666666666,102005.62,6.807619047619048,6.111428571428571
2023-05-16 13:23:17.055963,21.85857142857143,35.61904761904763,102004.87142857142,6.79,5.954761904761905
2023-05-16 13:23:28.814831,21.85904761904762,35.614761904761906,101999.79428571429,6.778095238095238,5.857142857142857
2023-05-16 13:23:40.560115,21.867142857142863,35.54714285714285,101999.0595238095,6.728095238095239,6.031428571428573
2023-05-16 13:23:52.308211,21.86761904761905,35.52380952380952,101999.29571428569,6.755714285714286,5.815714285714285
2023-05-16 13:24:04.057070,21.878571428571426,35.49809523809523,101997.16714285713,6.79,6.102380952380953
2023-05-16 13:24:15.807164,21.873809523809523,35.52428571428571,101999.0861904762,6.757142857142856,6.10095238095238
2023-05-16 13:24:27.557258,21.874285714285715,35.51714285714286,102005.17761904764,6.781428571428573,5.93904761904762
2023-05-16 13:24:39.301960,21.882857142857137,35.476666666666674,102004.72095238096,6.750476190476191,5.905714285714287
2023-05-16 13:24:51.045075,21.898095238095234,35.477142857142866,102000.65285714285,6.77809523809524,6.058095238095238
2023-05-16 13:25:02.790353,21.90047619047619,35.50000000000001,101998.59619047616,6.785714285714286,5.900952380952381
2023-05-16 13:25:14.541376,21.903333333333332,35.483809523809526,101996.37476190476,6.743333333333334,5.8866666666666685
2023-05-16 13:25:26.295474,21.916666666666675,35.466666666666676,101995.65761904762,6.752857142857142,5.836666666666666
2023-05-16 13:25:38.046314,21.918571428571433,35.46095238095238,101995.88714285716,6.783809523809524,5.902857142857144
2023-05-16 13:25:49.804623,21.92666666666667,35.47428571428572,101995.9976190476,6.791428571428573,5.730952380952381
2023-05-16 13:26:01.567610,21.932857142857145,35.46428571428572,101995.38999999997,6.780952380952381,5.726190476190475
2023-05-16 13:26:13.332638,21.939047619047617,35.471904761904774,101995.64523809525,6.597142857142857,6.097619047619048
2023-05-16 13:26:25.097086,21.9547619047619,35.47428571428572,101992.0,3.3133333333333335,2.7471428571428573
2023-05-16 13:26:36.861299,21.957142857142856,35.43666666666666,101992.37571428569,3.2723809523809524,2.7695238095238093
2023-05-16 13:26:48.627039,21.970000000000006,35.405714285714275,101991.55333333334,3.302380952380952,2.8023809523809526
2023-05-16 13:27:00.392680,21.970952380952387,35.43,101995.1685714286,3.29952380952381,2.660952380952381
2023-05-16 13:27:12.152514,21.976190476190474,35.431428571428555,101998.08952380953,3.2576190476190483,2.8352380952380956
2023-05-16 13:27:23.905990,21.989523809523813,35.41857142857142,101998.6961904762,3.2561904761904765,2.8885714285714283
2023-05-16 13:27:35.654868,21.986190476190483,35.440000000000005,101996.03904761904,3.282857142857143,2.705238095238095
2023-05-16 13:27:47.419060,21.992380952380955,35.41666666666666,102001.80428571427,3.2952380952380955,2.924285714285714
2023-05-16 13:27:59.182828,21.997142857142855,35.35904761904763,101998.23285714284,3.286666666666667,2.7114285714285713
2023-05-16 13:28:10.949083,22.00142857142857,35.37190476190476,101996.5780952381,3.2214285714285715,2.8185714285714276
2023-05-16 13:28:22.713436,22.014761904761897,35.39619047619047,101993.59142857142,3.3009523809523813,2.7147619047619043
2023-05-16 13:28:34.492300,22.02333333333333,35.42285714285714,101992.74952380953,3.2776190476190474,2.9976190476190476
2023-05-16 13:28:46.258250,22.03666666666667,35.398095238095244,101993.70523809522,3.2423809523809517,2.8699999999999997
2023-05-16 13:28:58.017332,22.044761904761906,35.3404761904762,101993.51809523809,3.276190476190476,2.8600000000000003
2023-05-16 13:29:09.758549,22.053809523809527,35.306190476190466,101994.80999999998,3.2971428571428576,2.7995238095238095
2023-05-16 13:29:21.500469,22.063333333333333,35.25333333333334,101993.63714285714,3.297619047619047,2.7823809523809526
2023-05-16 13:29:33.241554,22.070476190476185,35.26619047619047,101993.64285714286,3.2642857142857147,2.880952380952381
2023-05-16 13:29:45.010143,22.084285714285713,35.254761904761914,101995.2223809524,3.2395238095238095,2.9252380952380954
2023-05-16 13:29:56.774636,22.082857142857137,35.1947619047619,101996.75619047617,3.243809523809524,2.800476190476191
2023-05-16 13:30:08.538437,22.07999999999999,35.169523809523795,101998.64904761904,3.28,2.927142857142857
2023-05-16 13:30:20.294028,22.086190476190474,35.163333333333334,101998.83857142858,3.305714285714285,2.776666666666667
2023-05-16 13:30:32.033863,22.096666666666668,35.18,101993.42190476193,3.271428571428571,2.8676190476190473
2023-05-16 13:30:43.774364,22.087142857142858,35.2047619047619,101999.4461904762,3.323809523809523,2.848571428571428
2023-05-16 13:30:55.516789,22.08952380952381,35.18238095238094,101996.42809523811,3.259523809523809,2.83
2023-05-16 13:31:07.259771,22.08952380952381,35.15809523809523,101995.65523809523,3.2833333333333337,2.681904761904762
2023-05-16 13:31:19.005530,22.083809523809524,35.12333333333334,102000.30095238095,3.225238095238096,2.8271428571428574
2023-05-16 13:31:30.748686,22.080476190476194,35.09190476190478,101999.72619047617,3.2595238095238095,2.928095238095239
